site_id,pit_id,horizon,depth_top,depth_bottom,soc_pct,mat_c,map_mm,clay_pct,sand_pct,bulk_density
ABBY,D16_ABBY_PIT1,A,3,19,128,0.8509,2447,37.4,26.8,0.3933
ABBY,D16_ABBY_PIT1,A,19,44,49,0.8509,2447,34.9,24.8,0.8475
ABBY,D16_ABBY_PIT1,B,44,74,22,0.8509,2447,42.8,20.1,0.8913
ABBY,D16_ABBY_PIT1,O,0,3,138,0.8509,2447,36.4,27.2,0.1602
BARR,D18_BARR_PIT1,O,7,32,246,-1.1906,112,NA,NA,0.305
BARR,D18_BARR_PIT1,O,58,110,88,-1.1906,112,19.5,53.4,0.3525
BARR,D18_BARR_PIT1,O,0,7,396,-1.1906,112,NA,NA,NA
BART,1_BARTLETT_PIT1,A,3,5,386,0.5567,1258,6.2,46.8,0.1658
BART,1_BARTLETT_PIT1,B,40,73,9,0.5567,1258,1.6,71.5,1.2104
BART,1_BARTLETT_PIT1,B,9,15,38,0.5567,1258,3.6,61.8,0.7032
BART,1_BARTLETT_PIT1,B,15,22,27,0.5567,1258,3.8,63.3,0.9176
BART,1_BARTLETT_PIT1,B,22,40,13,0.5567,1258,2.8,64.9,0.9195
BART,1_BARTLETT_PIT1,O,0,3,448,0.5567,1258,11.8,34.3,0.1059
BLAN,2_BLANDY_PIT1,A,2,14,18,1.2027,987,19.4,26.4,1.132
BLAN,2_BLANDY_PIT1,A,14,23,10,1.2027,987,20.5,25.8,1.3776
BLAN,2_BLANDY_PIT1,B,23,51,3,1.2027,987,36.6,17.9,1.2252
BLAN,2_BLANDY_PIT1,B,51,84,1,1.2027,987,42.5,19.4,1.0397
BLAN,2_BLANDY_PIT1,O,0,2,430,1.2027,987,0,21.2,0.0406
BONA,D19_BONA_PIT1,B,22,38,49,-0.322,319,11.3,25.7,0.8706
BONA,D19_BONA_PIT1,O,10,22,220,-0.322,319,NA,NA,0.3893
BONA,D19_BONA_PIT1,O,0,10,431,-0.322,319,NA,NA,0.0617
CLBJ,11_CLBJ_PIT1,A,0,21,5,1.7455,869,10.1,55.5,1.5876
CLBJ,11_CLBJ_PIT1,B,34,71,3,1.7455,869,27.6,44.3,1.6353
CLBJ,11_CLBJ_PIT1,B,71,89,3,1.7455,869,20.3,50,1.7069
CLBJ,11_CLBJ_PIT1,B,89,122,2,1.7455,869,15.1,48.8,1.6512
CPER,10_CPER_PIT1,A,0,10,8,0.9204,368,11.9,71.5,1.5363
CPER,10_CPER_PIT1,B,10,30,6,0.9204,368,11.9,73.8,1.5473
CPER,10_CPER_PIT1,B,81,137,2,0.9204,368,22.6,60.2,1.7075
CPER,10_CPER_PIT1,B,137,181,1,0.9204,368,20.9,59.3,1.7425
CPER,10_CPER_PIT1,B,30,54,4,0.9204,368,19.8,66.5,1.5282
CPER,10_CPER_PIT1,B,54,81,4,0.9204,368,23.6,48.6,1.6602
DCFS,9_DAKOTAC_PIT1,A,0,8,70,0.4562,435,32.3,29.3,0.7419
DCFS,9_DAKOTAC_PIT1,A,8,18,25,0.4562,435,36.6,33.6,1.1909
DCFS,9_DAKOTAC_PIT1,A,18,26,16,0.4562,435,32,33.4,1.1169
DCFS,9_DAKOTAC_PIT1,B,92,110,4,0.4562,435,28.8,27.1,1.397
DCFS,9_DAKOTAC_PIT1,B,35,55,9,0.4562,435,31.6,31.2,1.3825
DCFS,9_DAKOTAC_PIT1,B,55,92,5,0.4562,435,28.5,32.2,1.346
DCFS,9_DAKOTAC_PIT1,B,26,35,19,0.4562,435,29.2,35.7,1.2984
DEJU,D19_DEJU_PIT1,A,5,16,27,-0.2905,293,8,33.8,1.0982
DEJU,D19_DEJU_PIT1,B,30,72,2,-0.2905,293,3.3,77.7,1.2264
DEJU,D19_DEJU_PIT1,B,16,30,5,-0.2905,293,8.9,31.8,1.2322
DEJU,D19_DEJU_PIT1,O,0,5,170,-0.2905,293,5.7,34.2,0.569
DELA,8_DEADLAKE_PIT1,A,2,15,28,1.7667,1401,39.5,3.4,1.0251
DELA,8_DEADLAKE_PIT1,A,15,27,19,1.7667,1401,42.7,11.8,0.7033
DELA,8_DEADLAKE_PIT1,B,27,58,6,1.7667,1401,33,23.2,1.1205
DELA,8_DEADLAKE_PIT1,B,58,79,2,1.7667,1401,26.8,28,1.3206
DELA,8_DEADLAKE_PIT1,B,79,150,1,1.7667,1401,28.1,26.7,1.0798
DELA,8_DEADLAKE_PIT1,B,150,200,1,1.7667,1401,24.3,29.8,1.0912
DELA,8_DEADLAKE_PIT1,O,0,2,203,1.7667,1401,35.6,2.1,0.1056
DSNY,3_DISNEY_PIT1,A,9,26,9,2.2329,1223,0,97.2,1.4589
DSNY,3_DISNEY_PIT1,A,0,9,22,2.2329,1223,0.7,94,1.228
DSNY,3_DISNEY_PIT1,B,152,200,2,2.2329,1223,0.2,96.5,2.2713
DSNY,3_DISNEY_PIT1,B,43,55,22,2.2329,1223,1.5,94.5,1.4644
DSNY,3_DISNEY_PIT1,B,55,69,13,2.2329,1223,1.3,95.5,1.5087
GRSM,D07_GRSM_PIT1,A,0,21,66,1.3305,1335,15.6,55.9,0.7281
GRSM,D07_GRSM_PIT1,A,21,32,19,1.3305,1335,17,53.1,1.1777
GRSM,D07_GRSM_PIT1,B,32,58,8,1.3305,1335,16.3,55.3,1.3329
GRSM,D07_GRSM_PIT1,B,100,140,2,1.3305,1335,28,37.2,1.4085
GRSM,D07_GRSM_PIT1,B,140,206,2,1.3305,1335,22.1,47,1.3369
GUAN,4_GUANICA_PIT1,A,0,30,55,2.585,926,34.9,7.7,0.943
GUAN,4_GUANICA_PIT1,B,105,126,0,2.585,926,59.8,6.3,1.1579
GUAN,4_GUANICA_PIT1,B,30,55,15,2.585,926,47.4,6.2,1.3488
GUAN,4_GUANICA_PIT1,B,55,86,1,2.585,926,50.8,4.2,1.4364
GUAN,4_GUANICA_PIT1,B,86,105,1,2.585,926,58,5.3,1.2454
HARV,1_HARVARD_PIT1,A,4,9,96,0.7407,1097,11.7,58.8,0.4772
HARV,1_HARVARD_PIT1,A,9,17,59,0.7407,1097,11.2,60.1,0.6562
HARV,1_HARVARD_PIT1,B,17,32,33,0.7407,1097,9.9,63.9,0.775
HARV,1_HARVARD_PIT1,B,32,53,11,0.7407,1097,6.9,69.6,1.2805
HARV,1_HARVARD_PIT1,B,53,82,3,0.7407,1097,3.1,87.2,1.4603
HARV,1_HARVARD_PIT1,O,0,4,254,0.7407,1097,15.7,53.3,0.4608
HEAL,D19_HEAL_PIT1,A,31,50,96,-0.3451,420,13.4,35.1,1.4034
HEAL,D19_HEAL_PIT1,O,22,31,271,-0.3451,420,NA,NA,0.3531
HEAL,D19_HEAL_PIT1,O,9,22,454,-0.3451,420,NA,NA,0.0317
HEAL,D19_HEAL_PIT1,O,0,9,465,-0.3451,420,NA,NA,0.0226
JERC,3_JONES_PIT1,A,0,8,14,1.9053,1345,1.8,86.2,1.4166
JERC,3_JONES_PIT1,B,68,105,1,1.9053,1345,7.7,81.1,1.1273
JERC,3_JONES_PIT1,B,105,185,1,1.9053,1345,15,76.4,1.6965
JERC,3_JONES_PIT1,B,185,200,0,1.9053,1345,11.3,80.1,1.785
JORN,14_JORNADA_PIT1,A,0,18,2,1.5479,271,7.1,86.7,1.4196
JORN,14_JORNADA_PIT1,B,18,46,1,1.5479,271,8.4,83.7,0.9035
KONA,6_KONZAAG_PIT1,A,0,12,19,1.2384,888,35.9,5.5,1.2811
KONA,6_KONZAAG_PIT1,B,12,31,17,1.2384,888,42.9,3.8,1.3534
KONA,6_KONZAAG_PIT1,B,31,54,10.8,1.2384,888,44.2,3.44,NA
KONA,6_KONZAAG_PIT1,B,54,89,6,1.2384,888,43.9,2.6,1.7187
KONA,6_KONZAAG_PIT1,B,156,206,2,1.2384,888,33.3,4.8,1.6118
KONA,6_KONZAAG_PIT1,B,119,156,4,1.2384,888,39.9,3.5,1.644
KONA,6_KONZAAG_PIT1,B,89,119,4,1.2384,888,44.6,1.6,1.6579
KONZ,6_KONZACORE_PIT1,A,0,10,43,1.2384,888,32.8,5.3,0.6826
KONZ,6_KONZACORE_PIT1,B,10,26,23,1.2384,888,40.1,5.1,1.0389
KONZ,6_KONZACORE_PIT1,B,26,66,11.5,1.2384,888,44.6,2.8,1.376
KONZ,6_KONZACORE_PIT1,B,66,89,4,1.2384,888,33,5.9,1.6026
KONZ,6_KONZACORE_PIT1,B,89,132,2,1.2384,888,28.9,7.2,2.2215
LAJA,4_LAJAS_PIT1,A,27,55,19,2.5492,1337,60.3,15.7,1.3926
LAJA,4_LAJAS_PIT1,A,0,27,29,2.5492,1337,55.3,18.7,1.0721
LAJA,4_LAJAS_PIT1,B,83,107,1,2.5492,1337,36.9,40.2,1.5197
LAJA,4_LAJAS_PIT1,B,55,83,7,2.5492,1337,59,16.8,1.3429
LENO,D08_LENO_PIT1,A,2,8,64,1.7984,1515,20.8,46.4,1.2136
LENO,D08_LENO_PIT1,B,21,58,8,1.7984,1515,25.6,35,1.3767
LENO,D08_LENO_PIT1,B,58,102,7,1.7984,1515,29.2,30.2,1.4045
LENO,D08_LENO_PIT1,B,102,147,7,1.7984,1515,34.3,16.7,1.4443
LENO,D08_LENO_PIT1,B,147,200,9,1.7984,1515,40.1,8.5,1.3568
LENO,D08_LENO_PIT1,B,8,21,11,1.7984,1515,17.8,51.1,1.0776
LENO,D08_LENO_PIT1,O,0,2,184,1.7984,1515,NA,NA,0.1397
MLBS,7_MLBS_PIT1,A,11,44,33,1.0041,1037,6.6,78.8,1.2323
MLBS,7_MLBS_PIT1,B,56,105,5,1.0041,1037,9.8,73.1,1.8844
MLBS,7_MLBS_PIT1,B,105,140,3,1.0041,1037,11.6,71.2,1.8402
MLBS,7_MLBS_PIT1,O,8,11,148,1.0041,1037,7.1,70.6,1.0454
MLBS,7_MLBS_PIT1,O,5,8,229,1.0041,1037,6.8,63.3,0.9671
MLBS,7_MLBS_PIT1,O,0,5,523,1.0041,1037,10.5,33.4,0.0264
MOAB,13_MOAB_PIT1,A,0,6,6,1.0218,312,7.3,73,1.5197
MOAB,13_MOAB_PIT1,B,31,47,4,1.0218,312,17.1,66.4,1.4488
MOAB,13_MOAB_PIT1,B,47,62,3,1.0218,312,16.3,69.6,1.2388
MOAB,13_MOAB_PIT1,B,62,82,2,1.0218,312,9.2,80.4,1.6053
MOAB,13_MOAB_PIT1,B,6,31,3,1.0218,312,11.8,71.2,1.4818
NIWO,13_NIWOT_PIT1,A,0,14,61,0.0859,620,12.7,49.3,1.0231
NIWO,13_NIWOT_PIT1,A,14,30,32,0.0859,620,13.2,61.9,0.9196
NIWO,13_NIWOT_PIT1,B,30,49,11,0.0859,620,6.9,80.6,0.8922
NIWO,13_NIWOT_PIT1,B,49,79,5,0.0859,620,4.7,72,1.1995
NOGP,9_NGPRL_PIT1,A,0,4,63,0.5844,426,26,17.2,0.396
NOGP,9_NGPRL_PIT1,A,4,11,48,0.5844,426,25.4,17.2,0.7368
NOGP,9_NGPRL_PIT1,A,11,31,27,0.5844,426,24.4,17.8,1.0776
NOGP,9_NGPRL_PIT1,B,145,182,3,0.5844,426,24.5,30.5,1.0997
NOGP,9_NGPRL_PIT1,B,31,46,13,0.5844,426,26.7,20.4,1.365
NOGP,9_NGPRL_PIT1,B,46,64,10,0.5844,426,26.5,22.3,1.3429
NOGP,9_NGPRL_PIT1,B,64,84,6,0.5844,426,29,29.2,1.2323
NOGP,9_NGPRL_PIT1,B,84,112,5,0.5844,426,30,25.6,1.3318
NOGP,9_NGPRL_PIT1,B,112,145,4,0.5844,426,28.3,28.7,1.3429
OAES,11_KLEMME_PIT1,A,0,8,18,1.5487,698,16.1,12.9,1.3401
OAES,11_KLEMME_PIT1,B,8,20,15,1.5487,698,17.9,12.5,1.6081
ONAQ,15_ONAQUI_PIT1,A,0,4,15,0.9416,318,9.2,56.8,1.2342
ONAQ,15_ONAQUI_PIT1,A,4,12,5,0.9416,318,12.2,59.5,1.4092
ONAQ,15_ONAQUI_PIT1,B,66,156,2,0.9416,318,10.6,37.8,1.3029
ONAQ,15_ONAQUI_PIT1,B,12,66,4,0.9416,318,14.6,34.9,1.3438
ORNL,7_OAKRIDGE_PIT1,A,1,10,38,1.4051,1227,14.5,29.2,0.7494
ORNL,7_OAKRIDGE_PIT1,B,19,40,2,1.4051,1227,19.7,23.8,1.2899
ORNL,7_OAKRIDGE_PIT1,O,0,1,476,1.4051,1227,NA,NA,0.1138
OSBS,3_ORDWAY_PIT1,A,0,7,5,2.0435,1289,1,97,1.3894
OSBS,3_ORDWAY_PIT1,B,7,28,2,2.0435,1289,0.9,97.6,1.5363
OSBS,3_ORDWAY_PIT1,B,28,125,1,2.0435,1289,1.1,97.3,1.5805
OSBS,3_ORDWAY_PIT1,B,125,200,0,2.0435,1289,1.7,97,2.0171
PUUM,D20_PUUM_PIT1,A,0,17,263,1.5843,2286,NA,NA,0.3892
PUUM,D20_PUUM_PIT1,O,0,17,263,1.5843,2286,NA,NA,NA
RMNP,10_CASTNET_PIT1,A,0,10,192,0.1621,573,11.9,67.6,0.4669
RMNP,10_CASTNET_PIT1,A,10,33,29,0.1621,573,8.5,74.4,1.0953
SCBI,2_SCBI_PIT1,A,2,7,60,1.1642,1037,32.1,16.4,0.6869
SCBI,2_SCBI_PIT1,B,7,14,28,1.1642,1037,32.2,17.3,0.7939
SCBI,2_SCBI_PIT1,B,14,34,6,1.1642,1037,29.3,17.3,1.1716
SCBI,2_SCBI_PIT1,B,34,59,2,1.1642,1037,31.5,15.5,0.8863
SCBI,2_SCBI_PIT1,B,59,114,1,1.1642,1037,37.1,18.3,1.0738
SCBI,2_SCBI_PIT1,O,0,2,381,1.1642,1037,NA,NA,0.0609
SERC,2_SERC_PIT1,A,2,13,33,1.3125,1107,12.6,61.6,0.9837
SERC,2_SERC_PIT1,B,37,60,3,1.3125,1107,31.2,52.7,1.4644
SERC,2_SERC_PIT1,B,60,75,2,1.3125,1107,31.7,52.8,1.3871
SERC,2_SERC_PIT1,B,75,85,2,1.3125,1107,29.45,50.85,1.6192
SERC,2_SERC_PIT1,B,85,131,1,1.3125,1107,24.3,53.1,1.6965
SERC,2_SERC_PIT1,B,131,147,1,1.3125,1107,23.3,50.5,1.6523
SERC,2_SERC_PIT1,O,0,2,79,1.3125,1107,11.5,61.7,0.9406
SJER,D17_SJER_PIT1,A,0,8,12,1.6848,480,5,78.8,1.4125
SJER,D17_SJER_PIT1,A,8,34,4,1.6848,480,5.6,79.1,1.4523
SJER,D17_SJER_PIT1,B,34,57,2,1.6848,480,6.8,77.4,1.5478
SJER,D17_SJER_PIT1,B,57,81,1,1.6848,480,7.2,78.6,1.5518
SOAP,D17_SOAP_PIT1,A,4,18,71,1.0291,912,13.4,56.5,0.7281
SOAP,D17_SOAP_PIT1,A,18,32,20,1.0291,912,11.9,60.6,1.0902
SOAP,D17_SOAP_PIT1,A,32,52,14,1.0291,912,12,59.7,1.0146
SOAP,D17_SOAP_PIT1,B,52,91,5,1.0291,912,17.5,55.1,1.1897
SOAP,D17_SOAP_PIT1,B,91,136,2,1.0291,912,23.8,48.3,1.3528
SOAP,D17_SOAP_PIT1,O,0,4,461,1.0291,912,NA,NA,0.0753
SRER,D14_SRER_PIT1,A,0,5,3,1.9428,366,3.8,73.7,1.2887
SRER,D14_SRER_PIT1,B,41,79,4,1.9428,366,10.5,69.2,1.7472
SRER,D14_SRER_PIT1,B,79,132,1,1.9428,366,6.7,77.5,0.9541
SRER,D14_SRER_PIT1,B,5,41,3,1.9428,366,11.5,63.7,1.3815
STEI,D05_STEI_PIT1,A,0,14,34,0.4575,799,9.2,50.2,1.0743
STEI,D05_STEI_PIT1,B,109,148,0,0.4575,799,4.5,79.2,1.5882
STEI,D05_STEI_PIT1,B,14,28,16,0.4575,799,9.3,50.2,1.0345
STEI,D05_STEI_PIT1,B,28,36,10,0.4575,799,7.1,52.1,1.134
STEI,D05_STEI_PIT1,B,61,78,1,0.4575,799,5.8,73.1,1.501
STEI,D05_STEI_PIT1,B,78,109,1,0.4575,799,5.9,69.6,1.6389
STER,10_STERLING_PIT1,A,0,11,13,0.9524,413,19,46.7,1.0581
STER,10_STERLING_PIT1,A,11,28,8,0.9524,413,20.2,43.1,1.2906
STER,10_STERLING_PIT1,B,28,70,6,0.9524,413,23.8,35.7,0.9677
STER,10_STERLING_PIT1,B,70,121,0,0.9524,413,19.8,43.9,1.0885
TALL,D08_TALLADEGA_PIT1,A,0,10,24,1.691,1447,3,90.7,1.166
TALL,D08_TALLADEGA_PIT1,A,10,25,9,1.691,1447,3.1,89.5,1.4976
TALL,D08_TALLADEGA_PIT1,B,75,93,1,1.691,1447,8.6,87.6,1.6137
TALL,D08_TALLADEGA_PIT1,B,25,37,3,1.691,1447,3.4,87.8,1.5639
TALL,D08_TALLADEGA_PIT1,B,37,75,2,1.691,1447,12.4,78.4,1.6247
TEAK,D17_TEAK_PIT1,A,0,19,57.6,0.5931,821,2.64,79.2,0.9275
TEAK,D17_TEAK_PIT1,A,31,55,27,0.5931,821,2.75,79.4,1.094
TEAK,D17_TEAK_PIT1,A,67,101,20,0.5931,821,2.5,79.1,1.2312
TOOL,D18_TOOL_PIT1,B,21,45,15,-0.9959,246,18,45.1,1.2293
TOOL,D18_TOOL_PIT1,O,17,21,307,-0.9959,246,NA,NA,NA
TOOL,D18_TOOL_PIT1,O,6,17,409,-0.9959,246,NA,NA,NA
TOOL,D18_TOOL_PIT1,O,0,6,474,-0.9959,246,NA,NA,NA
TREE,D05_TREE_PIT1,A,2,17,23,0.4692,814,7.2,70.5,1.1805
TREE,D05_TREE_PIT1,B,17,33,11,0.4692,814,5.5,74.2,1.3147
TREE,D05_TREE_PIT1,O,0,2,30,0.4692,814,4.8,83.2,0.6609
UKFS,6_UKFS_PIT1,A,0,13,70,1.2424,987,30.9,8.2,1.1198
UKFS,6_UKFS_PIT1,A,13,28,45,1.2424,987,44.9,8.3,1.1057
UKFS,6_UKFS_PIT1,B,28,43,33,1.2424,987,42.1,8.7,1.2489
UKFS,6_UKFS_PIT1,B,43,76,24,1.2424,987,48,9.8,1.3926
UNDE,5_UNDERC_PIT1,A,0,8,56,0.389,851,3.1,62.7,1.0396
UNDE,5_UNDERC_PIT1,B,8,15,20,0.389,851,5.3,62.6,1.3925
UNDE,5_UNDERC_PIT1,B,23,31,15,0.389,851,6.6,54.5,1.2637
UNDE,5_UNDERC_PIT1,B,31,48,6,0.389,851,3.3,55.8,1.4875
WOOD,9_WOODWORTH_PIT1,A,0,6,56,0.4436,424,19.7,55.3,0.6936
WOOD,9_WOODWORTH_PIT1,A,6,16,24,0.4436,424,16.4,59.3,1.1478
WREF,D16_WREF_PIT1,A,9,50,15,0.9248,1874,14.56,46.46,0.7998
WREF,D16_WREF_PIT1,B,80,94,5,0.9248,1874,9.6,54.8,0.9868
WREF,D16_WREF_PIT1,B,50,80,12,0.9248,1874,13.1,45.7,0.752
WREF,D16_WREF_PIT1,O,3,9,519,0.9248,1874,NA,NA,0.1044
WREF,D16_WREF_PIT1,O,0,3,555,0.9248,1874,NA,NA,0.065
YELL,12_YELL_PIT1,A,0,4,93,0.1332,594,23,35.9,0.3117
YELL,12_YELL_PIT1,B,4,29,31,0.1332,594,21.9,39.3,0.9581
YELL,12_YELL_PIT1,B,45,67,15,0.1332,594,22.4,38.6,1.1006
YELL,12_YELL_PIT1,B,67,98,6,0.1332,594,21.3,41,0.9361
YELL,12_YELL_PIT1,B,98,126,3,0.1332,594,19.4,41.1,1.3377
YELL,12_YELL_PIT1,B,126,161,1,0.1332,594,19.6,38.1,1.3008
YELL,12_YELL_PIT1,B,161,200,6,0.1332,594,19.3,40.5,1.2438
YELL,12_YELL_PIT1,B,29,45,24,0.1332,594,22.3,38.6,0.9868
