FishID,Species,TagID,TagType,Origin,FishIDs,ProjectID,ReleaseSite,CaptureDate,CaptureLocation,Easting,Northing,ForkLength,TotalLength,LengthUnit,Mass,MassUnit,Alive,Recapture,InitialRelease,Sex,Interorbital,InsideMouth,OutsideMouth,DorsalScore,CaudalScore,FinClipObs,Surgeon,VIE,DevelopmentalStage,StockingMark1,StockingMark2,FinClip,ScaleSample,SensorType,SensorIDCode,SensorCodeSpace,System,Notes
1997-SNS-0004-DMR,SNS,2336,Acoustic,,,,,"1997-07-14 14:15:00",45B,,,93.00,106.00,cm,,,1,0,1,,74.40,45.00,,,,,,,,,,,,,NA,NA,Kennebec,
1997-SNS-0004-DMR,SNS,2336,Acoustic,,,,,"1998-09-03 13:08:00",45D,,,96.20,105.50,cm,,,1,1,0,,,,,,,,,,,,,,,,NA,NA,Kennebec,
1998-SNS-0002-DMR,SNS,16,Acoustic,,,,,"1998-05-14 09:55:00",45D,,,85.50,96.00,cm,,,1,0,1,,61.90,62.90,,,,,,,,,,,,,NA,NA,Kennebec,"PIT & carlin match but smaller on recapture: meaurement error?"
1998-SNS-0002-DMR,SNS,16,Acoustic,,,,,"1998-10-14 10:13:00",46,,,84.10,92.40,cm,4500.0,g,1,1,0,,58.80,46.90,,,,,,,,,,,,,NA,NA,Kennebec,"PIT & carlin match but smaller on recapture: meaurement error?"
1998-SNS-0014-DMR,SNS,22,Acoustic,,,,,"1998-06-24 12:25:00",45A,,,81.50,92.00,cm,6000.0,g,1,0,1,,58.90,46.70,,,,,,,,,,,,,NA,NA,Kennebec,
1998-SNS-0014-DMR,SNS,22,Acoustic,,,,,"1998-10-21 09:30:00",46,,,82.00,92.00,cm,5500.0,g,1,1,0,,59.20,43.10,,,,,,,,,,,,,NA,NA,Kennebec,
2010-SNS-0002-DMR,SNS,A69-9001-30385,Acoustic,,,,,"2010-11-14 14:00:00",44,,,76.80,88.00,cm,3700.0,g,1,0,1,F,61.00,46.00,,,,,,,,,,,,,NA,NA,Kennebec,
2011-SNS-0001-DMR,SNS,A69-9001-30402,Acoustic,,,,,"2011-11-01 14:47:00",13,,,76.50,88.30,cm,3000.0,g,1,0,1,,56.00,39.00,,,,,,,,,,,,,NA,NA,Kennebec,
2011-SNS-0002-DMR,SNS,A69-9001-30400,Acoustic,,,,,"2011-11-09 15:01:00",44,,,83.30,96.40,cm,4900.0,g,1,0,1,,61.00,49.00,,,,,,,,,,,,,NA,NA,Kennebec,
2011-SNS-0003-DMR,SNS,A69-9001-30388,Acoustic,,,,,"2011-11-15 14:44:00",44,,,77.20,93.10,cm,2900.0,g,1,0,1,,59.00,49.00,,,,,,,,,,,,,NA,NA,Kennebec,
2012-SNS-0001-DMR,SNS,A69-9001-30391,Acoustic,,,,,"2012-07-26 10:15:00",13B,,,68.60,75.50,cm,2600.0,g,1,0,1,,55.00,47.00,,,,,,,,,,,,,NA,NA,Kennebec,
2012-SNS-0002-DMR,SNS,A69-9001-30394,Acoustic,,,,,"2012-07-26 10:15:00",13B,,,78.70,90.20,cm,3900.0,g,1,0,1,,57.00,44.00,,,,,,,,,,,,,NA,NA,Kennebec,
2012-SNS-0003-DMR,SNS,A69-9001-30397,Acoustic,,,,,"2012-08-01 12:05:00","43º 52.810, 69º 48.788; 13B",434676,4858884,65.30,74.00,cm,,,1,0,1,,50.00,43.00,,,,,,,,,,,,,NA,NA,Kennebec,"43º 52.810, 69º 48.788"
2012-SNS-0004-DMR,SNS,A69-9001-30403,Acoustic,,,,,"2012-08-09 10:44:00",33,,,77.10,,cm,3300.0,g,1,0,1,,51.00,39.00,,,,,,,,,,,,,NA,NA,Kennebec,
2012-SNS-0005-DMR,SNS,A69-9001-30401,Acoustic,,,,,"2012-08-09 10:44:00",33,,,84.20,96.60,cm,4400.0,g,1,0,1,F,64.00,45.00,,,,,,,,,,,,,NA,NA,Kennebec,
2012-SNS-0006-DMR,SNS,A69-9001-30398,Acoustic,,,,,"2012-08-09 10:44:00",33,,,70.10,81.80,cm,2900.0,g,1,0,1,,60.00,42.00,,,,,,,,,,,,,NA,NA,Kennebec,
2012-SNS-0007-DMR,SNS,A69-9001-30404,Acoustic,,,,,"2012-08-09 12:13:00",33,,,80.50,90.00,cm,3700.0,g,1,0,1,,61.00,52.00,,,,,,,,,,,,,NA,NA,Kennebec,
2012-SNS-0008-DMR,SNS,A69-9001-30395,Acoustic,,,,,"2012-08-09 12:13:00",33,,,73.40,83.90,cm,2800.0,g,1,0,1,,58.00,39.00,,,,,,,,,,,,,NA,NA,Kennebec,
2012-SNS-0009-DMR,SNS,A69-9001-30392,Acoustic,,,,,"2012-08-09 12:13:00",33,,,84.60,99.10,cm,4300.0,g,1,0,1,M,58.00,43.00,,,,,,,,,,,,,NA,NA,Kennebec,
2012-SNS-0010-DMR,SNS,A69-9001-30389,Acoustic,,,,,"2012-08-09 12:13:00",33,,,82.20,89.80,cm,3300.0,g,1,0,1,,66.00,46.00,,,,,,,,,,,,,NA,NA,Kennebec,
2012-SNS-0011-DMR,SNS,A69-9001-30386,Acoustic,,,,,"2012-08-09 12:13:00",33,,,82.40,95.20,cm,4000.0,g,1,0,1,F,59.00,43.00,,,,,,,,,,,,,NA,NA,Kennebec,
2012-SNS-0013-DMR,SNS,A69-9001-30399,Acoustic,,,,,"2012-08-13 11:00:00",33,,,75.10,85.70,cm,3300.0,g,1,0,1,,51.00,42.00,,,,,,,,,,,,,NA,NA,Kennebec,
2012-SNS-0013-DMR,SNS,A69-9001-30399,Acoustic,,,,,"2013-09-19 14:30:00","44° 15.724  69° 46.322",438375,4901270,76.00,87.50,cm,3600.0,g,1,1,0,,52.00,40.00,,,,,,,,,,,,,NA,NA,Kennebec,"44° 15.724  69° 46.322"
2012-SNS-0014-DMR,SNS,A69-9001-30396,Acoustic,,,,,"2012-08-13 12:30:00",33,,,80.50,89.10,cm,5100.0,g,1,0,1,F,59.00,51.00,,,,,,,,,,,,,NA,NA,Kennebec,
2012-SNS-0015-DMR,SNS,A69-9001-30393,Acoustic,,,,,"2012-08-13 12:30:00",33,,,78.60,87.80,cm,3000.0,g,1,0,1,,56.00,45.00,,,,,,,,,,,,,NA,NA,Kennebec,
2012-SNS-0016-DMR,SNS,A69-9001-30390,Acoustic,,,,,"2012-08-13 12:30:00",33,,,81.00,90.80,cm,3700.0,g,1,0,1,,62.00,43.00,,,,,,,,,,,,,NA,NA,Kennebec,
2012-SNS-0017-DMR,SNS,A69-9001-30387,Acoustic,,,,,"2012-08-13 14:45:00",33,,,79.60,89.50,cm,3800.0,g,1,0,1,F,56.00,46.00,,,,,,,,,,,,,NA,NA,Kennebec,
2012-SNS-0022-DMR,SNS,A69-9001-28164,Acoustic,,,,,"2012-10-24 13:31:00","44°15.7  69°46.281; 16",438430,4901225,91.40,96.80,cm,5266.0,g,1,0,1,M,69.00,49.00,,,,,,,,,,,,,NA,NA,Kennebec,"44°15.7  69°46.281"
2013-SNS-0001-DMR,SNS,A69-9001-28166,Acoustic,,,,,"2013-09-16 11:15:00","44° 15.732  69° 46.360",438325,4901285,82.20,94.80,cm,5100.0,g,1,0,1,F,65.00,47.00,,,,,,,,,,,,,NA,NA,Kennebec,"44° 15.732  69° 46.360"
2013-SNS-0002-DMR,SNS,A69-9001-28169,Acoustic,,,,,"2013-09-16 11:15:00","44° 15.732  69° 46.360",438325,4901285,104.40,116.80,cm,6500.0,g,1,0,1,,65.00,47.00,,,,,,,,,,,,,NA,NA,Kennebec,"44° 15.732  69° 46.360"
2013-SNS-0003-DMR,SNS,A69-9001-28175,Acoustic,,,,,"2013-09-16 11:15:00","44° 15.732  69° 46.360",438325,4901285,92.70,108.10,cm,6000.0,g,1,0,1,,65.00,47.00,,,,,,,,,,,,,NA,NA,Kennebec,"44° 15.732  69° 46.360"
2013-SNS-0161-DMR,SNS,A69-9001-28172,Acoustic,,,,,"2013-10-10 13:20:00","44° 00.463  69° 53.250",428854,4873112,70.20,81.50,cm,2400.0,g,1,0,1,,50.00,35.00,,,,,,,,,,,,,NA,NA,Kennebec,"44° 00.463  69° 53.250"
2025-SNS-0001,SNS,A69-2801-201219,Acoustic,Wild,,,,"2025-08-04 00:00:00",Hallowell,437291,4902372,73.00,88.00,cm,,g,1,0,1,UNK,54.00,36.00,41.00,,,,,,,,,,,,NA,NA,Kennebec,
2025-SNS-0002,SNS,A69-2801-201218,Acoustic,Wild,,,,"2025-08-04 00:00:00",Hallowell,437291,4902372,68.00,82.00,cm,,g,1,0,1,UNK,57.00,38.00,46.00,,,,,,,,,,,,NA,NA,Kennebec,
2025-SNS-0003,SNS,A69-2801-201216,Acoustic,Wild,,,,"2025-08-04 00:00:00",Hallowell,437291,4902372,65.00,76.00,cm,,g,1,0,1,UNK,51.00,40.00,47.00,,,,,,,,,,,,NA,NA,Kennebec,
2025-SNS-0004,SNS,A69-2801-201221,Acoustic,Wild,,,,"2025-08-04 00:00:00",Hallowell,437291,4902372,75.00,86.00,cm,,g,1,0,1,UNK,59.00,46.00,54.00,,,,,,,,,,,,NA,NA,Kennebec,"NO RIGHT PEC"
2025-SNS-0005,SNS,A69-2801-201220,Acoustic,Wild,,,,"2025-08-04 00:00:00",Hallowell,437291,4902372,65.00,77.00,cm,,g,1,0,1,UNK,50.00,36.00,43.00,,,,,,,,,,,,NA,NA,Kennebec,"WOUND L"
2025-SNS-0006,SNS,A69-2801-201129,Acoustic,Wild,,,,"2025-08-04 00:00:00",Hallowell,437291,4902372,74.00,84.00,cm,,g,1,0,1,UNK,57.00,44.00,55.00,,,,,,,,,,,,NA,NA,Kennebec,"CAUDAL DEFORMITY"
2025-SNS-0007,SNS,A69-2801-201223,Acoustic,Wild,,,,"2025-08-04 00:00:00",Hallowell,437291,4902372,65.00,76.00,cm,,g,1,0,1,UNK,49.00,37.00,46.00,,,,,,,,,,,,NA,NA,Kennebec,
2025-SNS-0008,SNS,A69-2801-201222,Acoustic,Wild,,,,"2025-08-04 00:00:00",Hallowell,437291,4902372,70.00,82.00,cm,,g,1,0,1,UNK,52.00,44.00,51.00,,,,,,,,,,,,NA,NA,Kennebec,
2025-SNS-0009,SNS,A69-2801-201217,Acoustic,Wild,,,,"2025-08-04 00:00:00",Hallowell,437291,4902372,68.00,82.00,cm,,g,1,0,1,UNK,51.00,44.00,52.00,,,,,,,,,,,,NA,NA,Kennebec,
2025-SNS-0010,SNS,A69-2801-201214,Acoustic,Wild,,,,"2025-08-04 00:00:00",Hallowell,437291,4902372,58.00,70.00,cm,,g,1,0,1,UNK,51.00,35.00,43.00,,,,,,,,,,,,NA,NA,Kennebec,
2025-SNS-0011,SNS,A69-2801-201213,Acoustic,Wild,,,,"2025-08-04 00:00:00",Hallowell,437291,4902372,59.00,69.00,cm,,g,1,0,1,UNK,47.00,36.00,42.00,,,,,,,,,,,,NA,NA,Kennebec,
2025-SNS-0012,SNS,A69-2801-201225,Acoustic,Wild,,,,"2025-08-04 00:00:00",Hallowell,437291,4902372,63.00,75.00,cm,,g,1,0,1,UNK,46.00,35.00,43.00,,,,,,,,,,,,NA,NA,Kennebec,
2025-SNS-0013,SNS,A69-2801-201224,Acoustic,Wild,,,,"2025-08-04 00:00:00",Hallowell,437291,4902372,65.00,77.00,cm,,g,1,0,1,UNK,51.00,57.00,45.00,,,,,,,,,,,,NA,NA,Kennebec,
2025-SNS-0014,SNS,A69-2801-201236,Acoustic,Wild,,,,"2025-08-05 00:00:00","The Spindle",514494,4948116,87.00,102.00,cm,,g,1,0,1,UNK,67.00,47.00,53.00,,,,,,,,,,,,NA,NA,Penobscot,
2025-SNS-0015,SNS,A69-2801-201241,Acoustic,Wild,,,,"2025-08-05 00:00:00","The Spindle",514494,4948116,95.00,109.00,cm,,g,1,0,1,UNK,71.00,49.00,61.00,,,,,,,,,,,,NA,NA,Penobscot,
2025-SNS-0016,SNS,A69-2801-201245,Acoustic,Wild,,,,"2025-08-05 00:00:00","The Spindle",514494,4948116,109.00,118.00,cm,,g,1,0,1,UNK,69.00,48.00,66.00,,,,,,,,,,,,NA,NA,Penobscot,
2025-SNS-0017,SNS,A69-2801-201239,Acoustic,Wild,,,,"2025-08-05 00:00:00","The Spindle",514494,4948116,94.00,108.00,cm,,g,1,0,1,UNK,73.00,50.00,66.00,,,,,,,,,,,,NA,NA,Penobscot,
2025-SNS-0018,SNS,A69-2801-201252,Acoustic,Wild,,,,"2025-08-17 00:00:00","The Spindle",514494,4948116,94.00,107.00,cm,,g,1,0,1,UNK,75.00,48.00,70.00,,,,,,,,,,,,NA,NA,Penobscot,
2025-SNS-0019,SNS,A69-2801-201251,Acoustic,Wild,,,,"2025-08-17 00:00:00","The Spindle",514494,4948116,85.00,97.00,cm,,g,1,0,1,UNK,63.00,42.00,53.00,,,,,,,,,,,,NA,NA,Penobscot,
SNS-2006-001,SNS,1053H,Acoustic,Wild,"Carlin: 31000; Genetic ID: G-001; Photo ID: 06-001;",Sturgeon-PNR,"Penobscot River","2006-06-14 00:00:00","Penobscot River",514165,4945937,80.00,89.00,cm,4.25,kg,1,0,1,U,60.00,,54.00,,,,,,,,,,,D,212,1105,Penobscot,
SNS-2006-034,SNS,1098600,Acoustic,Wild,"Carlin: 32979; Genetic ID: G-220; Photo ID: 10-187;",Sturgeon-PNR,"Penobscot River","2006-07-06 08:20:00","Penobscot River",516667,4956844,103.00,116.00,cm,9.5,kg,1,0,1,U,78.00,55.00,64.00,,,,,,,,,,,,NA,NA,Penobscot,
SNS-2006-034,SNS,1098600,Acoustic,Wild,"Carlin: 32979; Genetic ID: G-220; Photo ID: 10-187;",Sturgeon-PNR,"Penobscot River","2008-08-13 10:02:00","Penobscot River",517015,4958101,103.00,116.00,cm,9.5,kg,1,1,0,F,76.00,48.00,62.00,,,,,,,,,,,,NA,NA,Penobscot,
SNS-2006-034,SNS,1098600,Acoustic,Wild,"Carlin: 32979; Genetic ID: G-220; Photo ID: 10-187;",Sturgeon-PNR,"Penobscot River","2010-10-11 11:52:00","Penobscot River",517235,4958383,102.00,115.00,cm,9.5,kg,1,1,0,LF,77.00,57.00,59.00,,,,,,,,,,,,NA,NA,Penobscot,
SNS-2007-003,SNS,1044640,Acoustic,Wild,"Carlin: 31067; Genetic ID: G-074; Photo ID: 07-004;",Sturgeon-PNR,"Penobscot River","2007-05-25 12:11:00","Penobscot River",513955,4945803,66.00,78.00,cm,2.5,kg,1,0,1,U,49.00,36.00,44.00,,,,,,,,,,,,NA,NA,Penobscot,
SNS-2007-004,SNS,1044641,Acoustic,Wild,"Carlin: 31066; Genetic ID: G-073; Photo ID: 07-003;",Sturgeon-PNR,"Penobscot River","2007-05-25 12:11:00","Penobscot River",513955,4945803,85.00,100.00,cm,6.0,kg,1,0,1,U,63.00,49.00,57.00,,,,,,,,,,,,NA,NA,Penobscot,
SNS-2007-006,SNS,1039849,Acoustic,Wild,"Carlin: 31071; Genetic ID: G-078; Photo ID: 07-008;",Sturgeon-PNR,"Penobscot River","2007-05-28 08:57:00","Penobscot River",513966,4945805,93.00,106.00,cm,6.5,kg,1,0,1,U,67.00,49.00,57.00,,,,,,,,,,,,NA,NA,Penobscot,
SNS-2007-007,SNS,1039848,Acoustic,Wild,"Carlin: 31072; Genetic ID: G-079; Photo ID: 07-009;",Sturgeon-PNR,"Penobscot River","2007-05-28 09:54:00","Penobscot River",514266,4945925,67.00,77.00,cm,2.5,kg,1,0,1,U,54.00,37.00,44.00,,,,,,,,,,,,NA,NA,Penobscot,
SNS-2007-012,SNS,1039846,Acoustic,Wild,"Carlin: 31079; Genetic ID: G-086; Photo ID: 07-016;",Sturgeon-PNR,"Penobscot River","2007-05-29 09:55:00","Penobscot River",514002,4945715,88.00,104.00,cm,5.5,kg,1,0,1,U,65.00,45.00,57.00,,,,,,,,,,,,NA,NA,Penobscot,
SNS-2007-014,SNS,1039847,Acoustic,Wild,"Carlin: 31085; Genetic ID: G-092; Photo ID: 07-022;",Sturgeon-PNR,"Penobscot River","2007-05-29 12:30:00","Penobscot River",513955,4945803,82.00,96.00,cm,4.75,kg,1,0,1,U,58.00,47.00,53.00,,,,,,,,,,,,NA,NA,Penobscot,
SNS-2007-015,SNS,1039845,Acoustic,Wild,"Carlin: 31400; Genetic ID: G-090; Photo ID: 07-020;",Sturgeon-PNR,"Penobscot River","2007-05-29 12:30:00","Penobscot River",513955,4945803,88.00,99.00,cm,6.0,kg,1,0,1,U,65.00,47.00,53.00,,,,,,,,,,,,NA,NA,Penobscot,
SNS-2007-015,SNS,1039845,Acoustic,Wild,"Carlin: 31400; Genetic ID: G-090; Photo ID: 07-020;",Sturgeon-PNR,"Penobscot River","2007-05-30 11:30:00","Penobscot River",514113,4945878,88.00,99.00,cm,6.0,kg,1,1,0,U,65.00,47.00,53.00,,,,,,,,,,,,NA,NA,Penobscot,
SNS-2007-021,SNS,1039844,Acoustic,Wild,"Carlin: 31086; Genetic ID: G-093; Photo ID: 07-023;",Sturgeon-PNR,"Penobscot River","2007-05-30 09:35:00","Penobscot River",514006,4945741,92.00,104.00,cm,7.75,kg,1,0,1,U,65.00,50.00,63.00,,,,,,,,,,,,NA,NA,Penobscot,
SNS-2007-029,SNS,1042795,Acoustic,Wild,"Carlin: 31402; Genetic ID: G-108; Photo ID: 08-048;",Sturgeon-PNR,"Penobscot River","2007-05-30 11:30:00","Penobscot River",514113,4945878,83.00,96.00,cm,4.5,kg,1,0,1,U,62.00,48.00,53.00,,,,,,,,,,,,NA,NA,Penobscot,
SNS-2007-029,SNS,1042795,Acoustic,Wild,"Carlin: 31402; Genetic ID: G-108; Photo ID: 08-048;",Sturgeon-PNR,"Penobscot River","2008-07-15 15:00:00","Penobscot River",514972,4946773,93.00,106.00,cm,6.0,kg,1,1,0,U,67.00,48.00,55.00,,,,,,,,,,,,NA,NA,Penobscot,
SNS-2007-029,SNS,1042795,Acoustic,Wild,"Carlin: 31402; Genetic ID: G-108; Photo ID: 08-048;",Sturgeon-PNR,"Penobscot River","2008-08-13 09:25:00","Penobscot River",516829,4957870,91.00,105.00,cm,6.0,kg,1,1,0,U,65.00,46.00,54.00,,,,,,,,,,,,NA,NA,Penobscot,
SNS-2007-047,SNS,1043679,Acoustic,Wild,"Carlin: 31418; Genetic ID: G-124; Photo ID: 09-096;",Sturgeon-PNR,"Penobscot River","2007-06-02 15:41:00","Penobscot River",513981,4945776,101.00,118.00,cm,9.0,kg,1,0,1,U,75.00,58.00,64.00,,,,,,,,,,,,NA,NA,Penobscot,
SNS-2007-047,SNS,1043679,Acoustic,Wild,"Carlin: 31418; Genetic ID: G-124; Photo ID: 09-096;",Sturgeon-PNR,"Penobscot River","2009-09-22 15:37:00","Penobscot River",517252,4958288,102.00,118.00,cm,9.5,kg,1,1,0,LF,75.00,58.00,67.00,,,,,,,,,,,,NA,NA,Penobscot,
SNS-2007-068,SNS,1043689,Acoustic,Wild,"Carlin: 31457; Genetic ID: G-162; Photo ID: 07-096;",Sturgeon-PNR,"Penobscot River","2007-09-25 13:11:00","Penobscot River",519882,4961529,88.00,100.00,cm,5.5,kg,1,0,1,U,69.00,44.00,53.00,,,,,,,,,,,,NA,NA,Penobscot,
SNS-2007-068,SNS,1043689,Acoustic,Wild,"Carlin: 31457; Genetic ID: G-162; Photo ID: 07-096;",Sturgeon-PNR,"Penobscot River","2010-07-09 11:22:00","Penobscot River",514301,4948257,89.00,99.00,cm,6.0,kg,1,1,0,U,70.00,46.00,53.00,,,,,,,,,,,,NA,NA,Penobscot,
SNS-2007-069,SNS,1043683,Acoustic,Wild,"Carlin: 31471; Genetic ID: G-171; Photo ID: 07-106;",Sturgeon-PNR,"Penobscot River","2007-09-26 11:35:00","Penobscot River",519883,4961575,87.00,99.00,cm,7.0,kg,1,0,1,F,63.00,51.00,57.00,,,,,,,,,,,,NA,NA,Penobscot,
SNS-2007-078,SNS,1043687,Acoustic,Wild,"Carlin: 31472; Genetic ID: G-177; Photo ID: 07-112;",Sturgeon-PNR,"Penobscot River","2007-09-27 07:48:00","Penobscot River",519746,4961331,108.00,125.00,cm,11.0,kg,1,0,1,F,75.00,57.00,65.00,,,,,,,,,,,,NA,NA,Penobscot,
SNS-2007-079,SNS,1043684,Acoustic,Wild,"Carlin: 31473; Genetic ID: G-178; Photo ID: 07-113;",Sturgeon-PNR,"Penobscot River","2007-09-27 08:55:00","Penobscot River",519746,4961331,94.00,108.00,cm,9.5,kg,1,0,1,F,69.00,57.00,64.00,,,,,,,,,,,,NA,NA,Penobscot,
SNS-2007-080,SNS,1043685,Acoustic,Wild,"Carlin: 31474; Genetic ID: G-179; Photo ID: 07-114;",Sturgeon-PNR,"Penobscot River","2007-09-27 09:56:00","Penobscot River",519746,4961331,87.00,100.00,cm,6.5,kg,1,0,1,F,60.00,49.00,57.00,,,,,,,,,,,,NA,NA,Penobscot,
SNS-2007-087,SNS,1043681,Acoustic,Wild,"Carlin: 31482; Genetic ID: G-187; Photo ID: 07-126;",Sturgeon-PNR,"Penobscot River","2007-11-02 13:18:00","Penobscot River",516891,4957896,97.00,112.00,cm,6.0,kg,1,0,1,U,64.00,49.00,57.00,,,,,,,,,,,,NA,NA,Penobscot,
SNS-2007-088,SNS,1043680,Acoustic,Wild,"Carlin: 31492; Genetic ID: G-186; Photo ID: 07-125;",Sturgeon-PNR,"Penobscot River","2007-11-02 13:18:00","Penobscot River",516891,4957896,104.00,118.00,cm,8.5,kg,1,0,1,U,74.00,58.00,67.00,,,,,,,,,,,,NA,NA,Penobscot,
SNS-2007-088,SNS,1043680,Acoustic,Wild,"Carlin: 31492; Genetic ID: G-186; Photo ID: 07-125;",Sturgeon-PNR,"Penobscot River","2008-07-15 15:00:00","Penobscot River",514972,4946773,101.00,118.00,cm,10.75,kg,1,1,0,U,,,,,,,,,,,,,,,NA,NA,Penobscot,
SNS-2007-089,SNS,1043682,Acoustic,Wild,"Carlin: 31483; Genetic ID: G-188; Photo ID: 07-127;",Sturgeon-PNR,"Penobscot River","2007-11-02 15:00:00","Penobscot River",516893,4957875,93.00,104.00,cm,6.0,kg,1,0,1,U,67.00,59.00,68.00,,,,,,,,,,,,NA,NA,Penobscot,
SNS-2008-001,SNS,1042793,Acoustic,Wild,"Carlin: 31488; Genetic ID: G-193; Photo ID: 08-005;",Sturgeon-PNR,"Penobscot River","2008-07-02 14:18:00","Penobscot River",514750,4947544,94.00,109.00,cm,7.0,kg,1,0,1,U,74.00,51.00,59.00,,,,,,,,,,,,NA,NA,Penobscot,
SNS-2008-002,SNS,1042792,Acoustic,Wild,"Carlin: 31489; Genetic ID: G-376; Photo ID: 08-006;",Sturgeon-PNR,"Penobscot River","2008-07-02 13:55:00","Penobscot River",514596,4947297,89.00,99.00,cm,7.0,kg,1,0,1,F,65.00,50.00,58.00,,,,,,,,,,,,NA,NA,Penobscot,
SNS-2008-003,SNS,1042794,Acoustic,Wild,"Carlin: 31493; Genetic ID: G-197; Photo ID: 08-010;",Sturgeon-PNR,"Penobscot River","2008-07-15 15:00:00","Penobscot River",514972,4946773,80.00,88.00,cm,4.5,kg,1,0,1,U,63.00,43.00,56.00,,,,,,,,,,,,NA,NA,Penobscot,
SNS-2008-004,SNS,1043698,Acoustic,Wild,"Carlin: 31496; FLOY: 102337; Genetic ID: G-200; Photo ID: 08-013;",Sturgeon-PNR,"Penobscot River","2008-07-15 15:00:00","Penobscot River",514972,4946773,86.00,97.00,cm,5.5,kg,1,0,1,F,59.00,42.00,50.00,,,,,,,,,,,,NA,NA,Penobscot,
SNS-2008-004,SNS,1043698,Acoustic,Wild,"Carlin: 31496; FLOY: 102337; Genetic ID: G-200; Photo ID: 08-013;",Sturgeon-PNR,"Penobscot River","2013-07-11 00:00:00","Penobscot River",514529,4947944,88.00,103.00,cm,6.0,kg,1,1,0,U,61.00,46.00,55.00,,,,,,,,,,,,NA,NA,Penobscot,
SNS-2008-005,SNS,1042800,Acoustic,Wild,"Carlin: 31495; Genetic ID: G-199; Photo ID: 08-012;",Sturgeon-PNR,"Penobscot River","2008-07-15 15:00:00","Penobscot River",514972,4946773,88.00,103.00,cm,7.5,kg,1,0,1,U,66.00,47.00,59.00,,,,,,,,,,,,NA,NA,Penobscot,
SNS-2008-006,SNS,1042796,Acoustic,Wild,"Carlin: 31497; Genetic ID: G-201; Photo ID: 08-014;",Sturgeon-PNR,"Penobscot River","2008-07-15 15:00:00","Penobscot River",514972,4946773,95.00,110.00,cm,8.0,kg,1,0,1,F,69.00,46.00,58.00,,,,,,,,,,,,NA,NA,Penobscot,
SNS-2008-007,SNS,1043691,Acoustic,Wild,"Carlin: 31494; FLOY: 53395; Genetic ID: G-198; Photo ID: 17-028;",Sturgeon-PNR,"Penobscot River","2008-07-15 15:00:00","Penobscot River",514972,4946773,98.00,116.00,cm,6.75,kg,1,0,1,U,67.00,46.00,56.00,,,,,,,,,,,,NA,NA,Penobscot,
SNS-2008-007,SNS,1043691,Acoustic,Wild,"Carlin: 31494; FLOY: 53395; Genetic ID: G-198; Photo ID: 17-028;",Sturgeon-PNR,"Penobscot River","2009-10-16 11:30:00","Penobscot River",516989,4958040,,,cm,5.75,kg,1,1,0,,,,,,,,,,,,,,,,NA,NA,Penobscot,
SNS-2008-007,SNS,1043691,Acoustic,Wild,"Carlin: 31494; FLOY: 53395; Genetic ID: G-198; Photo ID: 17-028;",Sturgeon-PNR,"Penobscot River","2010-10-11 11:52:00","Penobscot River",517235,4958383,93.00,112.00,cm,6.0,kg,1,1,0,TT,66.00,53.00,56.00,,,,,,,,,,,,NA,NA,Penobscot,
SNS-2008-007,SNS,1043691,Acoustic,Wild,"Carlin: 31494; FLOY: 53395; Genetic ID: G-198; Photo ID: 17-028;",Sturgeon-PNR,"Penobscot River","2011-10-07 13:00:00","Penobscot River",520289,4961971,95.00,113.00,cm,7.5,kg,1,1,0,EF,66.00,52.00,54.00,,,,,,,,,,,,NA,NA,Penobscot,
SNS-2008-007,SNS,1043691,Acoustic,Wild,"Carlin: 31494; FLOY: 53395; Genetic ID: G-198; Photo ID: 17-028;",Sturgeon-PNR,"Penobscot River","2017-07-14 00:00:00",Penobscot,514534,4947641,101.00,118.00,cm,7.5499999999999998,kg,1,1,0,U,71.00,51.00,63.00,,,,,,,,,,,,NA,NA,Penobscot,
SNS-2008-007,SNS,1268216,Acoustic,Wild,"Carlin: 31494; FLOY: 53395; Genetic ID: G-198; Photo ID: 17-028;",Sturgeon-PNR,"Penobscot River","2008-07-15 15:00:00","Penobscot River",514972,4946773,98.00,116.00,cm,6.75,kg,1,0,1,U,67.00,46.00,56.00,,,,,,,,,,,,NA,NA,Penobscot,
SNS-2008-007,SNS,1268216,Acoustic,Wild,"Carlin: 31494; FLOY: 53395; Genetic ID: G-198; Photo ID: 17-028;",Sturgeon-PNR,"Penobscot River","2009-10-16 11:30:00","Penobscot River",516989,4958040,,,cm,5.75,kg,1,1,0,,,,,,,,,,,,,,,,NA,NA,Penobscot,
SNS-2008-007,SNS,1268216,Acoustic,Wild,"Carlin: 31494; FLOY: 53395; Genetic ID: G-198; Photo ID: 17-028;",Sturgeon-PNR,"Penobscot River","2010-10-11 11:52:00","Penobscot River",517235,4958383,93.00,112.00,cm,6.0,kg,1,1,0,TT,66.00,53.00,56.00,,,,,,,,,,,,NA,NA,Penobscot,
SNS-2008-007,SNS,1268216,Acoustic,Wild,"Carlin: 31494; FLOY: 53395; Genetic ID: G-198; Photo ID: 17-028;",Sturgeon-PNR,"Penobscot River","2011-10-07 13:00:00","Penobscot River",520289,4961971,95.00,113.00,cm,7.5,kg,1,1,0,EF,66.00,52.00,54.00,,,,,,,,,,,,NA,NA,Penobscot,
SNS-2008-007,SNS,1268216,Acoustic,Wild,"Carlin: 31494; FLOY: 53395; Genetic ID: G-198; Photo ID: 17-028;",Sturgeon-PNR,"Penobscot River","2017-07-14 00:00:00",Penobscot,514534,4947641,101.00,118.00,cm,7.5499999999999998,kg,1,1,0,U,71.00,51.00,63.00,,,,,,,,,,,,NA,NA,Penobscot,
SNS-2008-008,SNS,1042786,Acoustic,Wild,"Carlin: 31499; Genetic ID: G-202; Photo ID: 08-015;",Sturgeon-PNR,"Penobscot River","2008-07-18 13:14:00","Penobscot River",514662,4947235,96.00,109.00,cm,7.0,kg,1,0,1,U,66.00,50.00,63.00,,,,,,,,,,,,NA,NA,Penobscot,
SNS-2008-009,SNS,1098594,Acoustic,Wild,"Carlin: 32983; Genetic ID: G-203; Photo ID: 10-205;",Sturgeon-PNR,"Penobscot River","2008-07-29 00:00:00","Penobscot River",514782,4947266,93.00,109.00,cm,8.5,kg,1,0,1,F,71.00,41.00,54.00,,,,,,,,,,,,NA,NA,Penobscot,
SNS-2008-009,SNS,1098594,Acoustic,Wild,"Carlin: 32983; Genetic ID: G-203; Photo ID: 10-205;",Sturgeon-PNR,"Penobscot River","2009-08-14 14:22:00","Penobscot River",514600,4955411,92.00,107.00,cm,70.0,kg,1,1,0,U,73.00,50.00,54.00,,,,,,,,,,,,NA,NA,Penobscot,
SNS-2008-009,SNS,1098594,Acoustic,Wild,"Carlin: 32983; Genetic ID: G-203; Photo ID: 10-205;",Sturgeon-PNR,"Penobscot River","2009-10-21 14:01:00","Penobscot River",517033,4958041,,,cm,6.5,kg,1,1,0,U,,,,,,,,,,,,,,,NA,NA,Penobscot,
SNS-2008-009,SNS,1098594,Acoustic,Wild,"Carlin: 32983; Genetic ID: G-203; Photo ID: 10-205;",Sturgeon-PNR,"Penobscot River","2010-10-11 11:52:00","Penobscot River",517235,4958383,98.00,104.00,cm,8.0,kg,1,1,0,F,73.00,44.00,54.00,,,,,,,,,,,,NA,NA,Penobscot,
SNS-2008-013,SNS,1042791,Acoustic,Wild,"Carlin: 32111; Genetic ID: G-215; Photo ID: 08-030;",Sturgeon-PNR,"Penobscot River","2008-08-08 17:54:00","Penobscot River",514660,4947181,73.00,83.00,cm,3.0,kg,1,0,1,U,51.00,39.00,49.00,,,,,,,,,,,,NA,NA,Penobscot,
SNS-2008-015,SNS,1043694,Acoustic,Wild,"Carlin: 32114; Genetic ID: G-217; Photo ID: 08-032;",Sturgeon-PNR,"Penobscot River","2008-08-11 09:22:00","Penobscot River",516848,4957891,79.00,93.00,cm,4.0,kg,1,0,1,U,62.00,41.00,50.00,,,,,,,,,,,,NA,NA,Penobscot,
SNS-2008-016,SNS,1043696,Acoustic,Wild,"Carlin: 32115; FLOY: 101109; Genetic ID: G-218; Photo ID: 12-156;",Sturgeon-PNR,"Penobscot River","2008-08-11 09:22:00","Penobscot River",516848,4957891,79.00,93.00,cm,4.25,kg,1,0,1,U,57.00,41.00,49.00,,,,,,,,,,,,NA,NA,Penobscot,
SNS-2008-016,SNS,1043696,Acoustic,Wild,"Carlin: 32115; FLOY: 101109; Genetic ID: G-218; Photo ID: 12-156;",Sturgeon-PNR,"Penobscot River","2008-10-17 13:45:00","Penobscot River",515033,4958103,,,cm,,kg,1,1,0,,,,,,,,,,,,,,,,NA,NA,Penobscot,
SNS-2008-016,SNS,1043696,Acoustic,Wild,"Carlin: 32115; FLOY: 101109; Genetic ID: G-218; Photo ID: 12-156;",Sturgeon-PNR,"Penobscot River","2009-10-21 14:01:00","Penobscot River",517033,4958041,80.00,93.00,cm,3.75,kg,1,1,0,,,,,,,,,,,,,,,,NA,NA,Penobscot,
SNS-2008-016,SNS,1043696,Acoustic,Wild,"Carlin: 32115; FLOY: 101109; Genetic ID: G-218; Photo ID: 12-156;",Sturgeon-PNR,"Penobscot River","2010-09-10 12:55:00","Penobscot River",517235,4958283,82.00,96.00,cm,4.5,kg,1,1,0,U,57.00,44.00,47.00,,,,,,,,,,,,NA,NA,Penobscot,
SNS-2008-016,SNS,1043696,Acoustic,Wild,"Carlin: 32115; FLOY: 101109; Genetic ID: G-218; Photo ID: 12-156;",Sturgeon-PNR,"Penobscot River","2012-10-05 00:00:00","Penobscot River",517237,4958320,82.00,98.00,cm,4.1500000000000004,kg,1,1,0,U,58.00,41.00,,,,,,,,,,,,,NA,NA,Penobscot,
SNS-2008-024,SNS,1043693,Acoustic,Wild,"Carlin: 32122; Genetic ID: G-225; Photo ID: 08-040;",Sturgeon-PNR,"Penobscot River","2008-08-13 09:25:00","Penobscot River",516829,4957870,90.00,105.00,cm,8.0,kg,1,0,1,F,67.00,46.00,54.00,,,,,,,,,,,,NA,NA,Penobscot,
SNS-2008-038,SNS,1098597,Acoustic,Wild,"Carlin: 32987; Genetic ID: G-238; Photo ID: 10-198;",Sturgeon-PNR,"Penobscot River","2008-08-14 08:46:00","Penobscot River",517057,4950862,88.00,105.00,cm,6.5,kg,1,0,1,U,65.00,45.00,58.00,,,,,,,,,,,,NA,NA,Penobscot,
SNS-2008-038,SNS,1098597,Acoustic,Wild,"Carlin: 32987; Genetic ID: G-238; Photo ID: 10-198;",Sturgeon-PNR,"Penobscot River","2008-10-27 11:13:00","Penobscot River",516967,4958040,86.00,102.00,cm,6.0,kg,1,1,0,EF,66.00,49.00,58.00,,,,,,,,,,,,NA,NA,Penobscot,
SNS-2008-038,SNS,1098597,Acoustic,Wild,"Carlin: 32987; Genetic ID: G-238; Photo ID: 10-198;",Sturgeon-PNR,"Penobscot River","2010-10-11 11:52:00","Penobscot River",517235,4958383,88.00,105.00,cm,7.0,kg,1,1,0,LF,67.00,45.00,,,,,,,,,,,,,NA,NA,Penobscot,
SNS-2008-048,SNS,1098591,Acoustic,Wild,"Carlin: 32133; Genetic ID: G-236; Photo ID: 08-053;",Sturgeon-PNR,"Penobscot River","2008-08-14 09:28:00","Penobscot River",516830,4957887,89.00,106.00,cm,7.0,kg,1,0,1,F,61.00,41.00,54.00,,,,,,,,,,,,NA,NA,Penobscot,
SNS-2008-048,SNS,1098591,Acoustic,Wild,"Carlin: 32133; Genetic ID: G-236; Photo ID: 08-053;",Sturgeon-PNR,"Penobscot River","2010-10-11 11:52:00","Penobscot River",517235,4958383,98.00,110.00,cm,7.5,kg,1,1,0,F,71.00,53.00,60.00,,,,,,,,,,,,NA,NA,Penobscot,
SNS-2008-061,SNS,1043690,Acoustic,Wild,"Carlin: 32164; Genetic ID: G-267; Photo ID: 09-064;",Sturgeon-PNR,"Penobscot River","2008-08-25 16:00:00","Penobscot River",516916,4957948,90.00,104.00,cm,7.0,kg,1,0,1,F,60.00,41.00,54.00,,,,,,,,,,,,NA,NA,Penobscot,
SNS-2008-073,SNS,1098606,Acoustic,Wild,"Carlin: 32180; FLOY: 101183; Genetic ID: G-283; Photo ID: 12-166;",Sturgeon-PNR,"Penobscot River","2008-10-10 08:20:00","Penobscot River",517011,4958071,81.00,94.00,cm,4.0,kg,1,0,1,U,57.00,43.00,53.00,,,,,,,,,,,,NA,NA,Penobscot,
SNS-2008-073,SNS,1098606,Acoustic,Wild,"Carlin: 32180; FLOY: 101183; Genetic ID: G-283; Photo ID: 12-166;",Sturgeon-PNR,"Penobscot River","2010-10-11 12:49:00","Penobscot River",517129,4958267,89.00,106.00,cm,5.0,kg,1,1,0,,63.00,51.00,55.00,,,,,,,,,,,,NA,NA,Penobscot,
SNS-2008-073,SNS,1098606,Acoustic,Wild,"Carlin: 32180; FLOY: 101183; Genetic ID: G-283; Photo ID: 12-166;",Sturgeon-PNR,"Penobscot River","2012-10-05 00:00:00","Penobscot River",517237,4958320,92.00,109.00,cm,6.0499999999999998,kg,1,1,0,TT,65.00,51.00,58.00,,,,,,,,,,,,NA,NA,Penobscot,
SNS-2008-077,SNS,1098595,Acoustic,Wild,"Carlin: 32182; Genetic ID: G-285; Photo ID: 08-105;",Sturgeon-PNR,"Penobscot River","2008-10-10 08:55:00","Penobscot River",516792,4957731,76.00,88.00,cm,3.25,kg,1,0,1,U,56.00,39.00,48.00,,,,,,,,,,,,NA,NA,Penobscot,
SNS-2008-077,SNS,1098595,Acoustic,Wild,"Carlin: 32182; Genetic ID: G-285; Photo ID: 08-105;",Sturgeon-PNR,"Penobscot River","2009-08-11 13:25:00","Penobscot River",514688,4955319,78.00,90.00,cm,5.25,kg,1,1,0,LF,59.00,44.00,48.00,,,,,,,,,,,,NA,NA,Penobscot,
SNS-2008-077,SNS,1098595,Acoustic,Wild,"Carlin: 32182; Genetic ID: G-285; Photo ID: 08-105;",Sturgeon-PNR,"Penobscot River","2010-10-11 08:52:00","Penobscot River",517223,4958324,79.00,92.00,cm,4.5,kg,1,1,0,U,58.00,42.00,49.00,,,,,,,,,,,,NA,NA,Penobscot,
SNS-2008-079,SNS,1098590,Acoustic,Wild,"Carlin: 32178; FLOY: 101088; Genetic ID: G-281; Photo ID: 11-077;",Sturgeon-PNR,"Penobscot River","2008-10-10 08:55:00","Penobscot River",516792,4957731,80.00,92.00,cm,4.0,kg,1,0,1,U,57.00,44.00,49.00,,,,,,,,,,,,NA,NA,Penobscot,
SNS-2008-079,SNS,1098590,Acoustic,Wild,"Carlin: 32178; FLOY: 101088; Genetic ID: G-281; Photo ID: 11-077;",Sturgeon-PNR,"Penobscot River","2010-10-11 11:52:00","Penobscot River",517235,4958383,81.00,94.00,cm,5.5,kg,1,1,0,LF,58.00,44.00,55.00,,,,,,,,,,,,NA,NA,Penobscot,
SNS-2008-093,SNS,1268224,Acoustic,Wild,"Carlin: 32197; FLOY: 53129; Genetic ID: G-298; Photo ID: 17-070;",Sturgeon-PNR,"Penobscot River","2008-10-12 10:24:00","Penobscot River",516771,4957361,67.00,78.00,cm,2.5,kg,1,0,1,TT,50.00,39.00,46.00,,,,,,,,,,,,NA,NA,Penobscot,
SNS-2008-093,SNS,1268224,Acoustic,Wild,"Carlin: 32197; FLOY: 53129; Genetic ID: G-298; Photo ID: 17-070;",Sturgeon-PNR,"Penobscot River","2016-11-23 00:00:00","Penobscot River",522534,4963098,79.00,92.00,cm,4.0,kg,1,1,0,TT,,,,,,,,,,,,,,,NA,NA,Penobscot,
SNS-2008-093,SNS,1268224,Acoustic,Wild,"Carlin: 32197; FLOY: 53129; Genetic ID: G-298; Photo ID: 17-070;",Sturgeon-PNR,"Penobscot River","2017-09-13 00:00:00",Penobscot,512931,4949940,85.00,98.00,cm,5.4000000000000004,kg,1,1,0,,61.00,49.00,58.00,,,,,,,,,,,,NA,NA,Penobscot,
SNS-2008-093,SNS,1268224,Acoustic,Wild,"Carlin: 32197; FLOY: 53129; Genetic ID: G-298; Photo ID: 17-070;",Sturgeon-PNR,"Penobscot River","2018-08-16 00:00:00",Penobscot,513241,4951878,86.00,101.00,cm,6.5,kg,1,1,0,,61.00,49.00,56.00,,,,,,,,,,,,NA,NA,Penobscot,
SNS-2009-001,SNS,1060108,Acoustic,Wild,"Carlin: 32250; Genetic ID: G-363; Photo ID: 09-020;",Sturgeon-PNR,"Penobscot River","2009-08-03 10:05:00","Penobscot River",514906,4946464,70.00,82.00,cm,2.75,kg,1,0,1,TT,47.00,31.00,71.00,,,,,,,,,,,,NA,NA,Penobscot,
SNS-2009-013,SNS,1147447,Acoustic,Wild,"Carlin: 32269; FLOY: 101193; Genetic ID: G-392; Photo ID: 12-149;",Sturgeon-PNR,"Penobscot River","2009-08-11 13:25:00","Penobscot River",514688,4955319,81.00,93.00,cm,5.75,kg,1,0,1,LF,68.00,48.00,53.00,,,,,,,,,,,,NA,NA,Penobscot,
SNS-2009-013,SNS,1147447,Acoustic,Wild,"Carlin: 32269; FLOY: 101193; Genetic ID: G-392; Photo ID: 12-149;",Sturgeon-PNR,"Penobscot River","2010-08-27 10:10:00","Penobscot River",517193,4958240,82.00,93.00,cm,5.0,kg,1,1,0,EF,57.00,46.00,58.00,,,,,,,,,,,,NA,NA,Penobscot,
SNS-2009-013,SNS,1147447,Acoustic,Wild,"Carlin: 32269; FLOY: 101193; Genetic ID: G-392; Photo ID: 12-149;",Sturgeon-PNR,"Penobscot River","2012-10-05 00:00:00","Penobscot River",517237,4958320,85.00,95.00,cm,5.3499999999999996,kg,1,1,0,,59.00,48.00,58.00,,,,,,,,,,,,NA,NA,Penobscot,
SNS-2009-013,SNS,1147447,Acoustic,Wild,"Carlin: 32269; FLOY: 101193; Genetic ID: G-392; Photo ID: 12-149;",Sturgeon-PNR,"Penobscot River","2013-07-18 00:00:00","Penobscot River",514572,4947975,86.00,96.00,cm,7.0,kg,1,1,0,U,60.00,48.00,62.00,,,,,,,,,,,,NA,NA,Penobscot,
SNS-2009-042,SNS,1068449,Acoustic,Wild,"Carlin: 32295; FLOY: 53383; Genetic ID: G-417; Photo ID: 17-016;",Sturgeon-PNR,"Penobscot River","2009-08-28 14:58:00","Penobscot River",517143,4958041,84.00,102.00,cm,5.0,kg,1,0,1,U,59.00,41.00,53.00,,,,,,,,,,,,NA,NA,Penobscot,
SNS-2009-042,SNS,1068449,Acoustic,Wild,"Carlin: 32295; FLOY: 53383; Genetic ID: G-417; Photo ID: 17-016;",Sturgeon-PNR,"Penobscot River","2009-09-22 15:37:00","Penobscot River",517252,4958288,,,cm,,kg,1,1,0,,,,,,,,,,,,,,,,NA,NA,Penobscot,
SNS-2009-042,SNS,1068449,Acoustic,Wild,"Carlin: 32295; FLOY: 53383; Genetic ID: G-417; Photo ID: 17-016;",Sturgeon-PNR,"Penobscot River","2011-10-07 13:00:00","Penobscot River",520289,4961971,92.00,112.00,cm,7.0,kg,1,1,0,U,66.00,51.00,54.00,,,,,,,,,,,,NA,NA,Penobscot,
SNS-2009-042,SNS,1068449,Acoustic,Wild,"Carlin: 32295; FLOY: 53383; Genetic ID: G-417; Photo ID: 17-016;",Sturgeon-PNR,"Penobscot River","2017-06-29 00:00:00",Penobscot,513661,4954687,98.00,118.00,cm,7.2999999999999998,kg,1,1,0,U,69.00,48.00,59.00,,,,,,,,,,,,NA,NA,Penobscot,
SNS-2009-044,SNS,1060109,Acoustic,Wild,"Carlin: 32298; Genetic ID: G-420; Photo ID: 09-091;",Sturgeon-PNR,"Penobscot River","2009-09-14 16:22:00","Penobscot River",516968,4957948,89.00,104.00,cm,6.5,kg,1,0,1,EF,60.00,45.00,55.00,,,,,,,,,,,,NA,NA,Penobscot,
SNS-2009-053,SNS,1194444,Acoustic,Wild,"Carlin: 32300; FLOY: 102305; Genetic ID: G-422; Photo ID: 14-030;",Sturgeon-PNR,"Penobscot River","2009-09-21 14:30:00","Penobscot River",517099,4958102,83.00,92.00,cm,5.5,kg,1,0,1,EF,59.00,45.00,53.00,,,,,,,,,,,,NA,NA,Penobscot,
SNS-2009-053,SNS,1194444,Acoustic,Wild,"Carlin: 32300; FLOY: 102305; Genetic ID: G-422; Photo ID: 14-030;",Sturgeon-PNR,"Penobscot River","2010-10-11 12:49:00","Penobscot River",517129,4958267,83.00,95.00,cm,5.0,kg,1,1,0,,60.00,47.00,52.00,,,,,,,,,,,,NA,NA,Penobscot,
SNS-2009-053,SNS,1194444,Acoustic,Wild,"Carlin: 32300; FLOY: 102305; Genetic ID: G-422; Photo ID: 14-030;",Sturgeon-PNR,"Penobscot River","2014-10-03 00:00:00","Penobscot River",517560,4958320,83.00,93.00,cm,4.75,kg,1,1,0,,61.00,49.00,55.00,,,,,,,,,,,,NA,NA,Penobscot,
SNS-2009-057,SNS,1060110,Acoustic,Wild,"Carlin: 32307; Genetic ID: G-429; Photo ID: 09-120;",Sturgeon-PNR,"Penobscot River","2009-09-21 14:30:00","Penobscot River",517099,4958102,90.00,105.00,cm,7.0,kg,1,0,1,LF,63.00,45.00,58.00,,,,,,,,,,,,NA,NA,Penobscot,
SNS-2009-059,SNS,1194449,Acoustic,Wild,"Carlin: 32315; FLOY: 102304; Genetic ID: G-437; Photo ID: 14-083;",Sturgeon-PNR,"Penobscot River","2009-09-22 15:37:00","Penobscot River",517252,4958288,77.00,89.00,cm,2.75,kg,1,0,1,U,52.00,43.00,53.00,,,,,,,,,,,,NA,NA,Penobscot,
SNS-2009-059,SNS,1194449,Acoustic,Wild,"Carlin: 32315; FLOY: 102304; Genetic ID: G-437; Photo ID: 14-083;",Sturgeon-PNR,"Penobscot River","2014-09-17 00:00:00","Penobscot River",517516,4958227,95.00,109.00,cm,8.4000000000000004,kg,1,1,0,LF,65.00,59.00,64.00,,,,,,,,,,,,NA,NA,Penobscot,
SNS-2009-060,SNS,1043686,Acoustic,Wild,"Carlin: 32313; Genetic ID: G-435; Photo ID: 09-151;",Sturgeon-PNR,"Penobscot River","2009-09-22 15:37:00","Penobscot River",517252,4958288,79.00,92.00,cm,3.75,kg,1,0,1,U,59.00,41.00,55.00,,,,,,,,,,,,NA,NA,Penobscot,
SNS-2009-060,SNS,1043686,Acoustic,Wild,"Carlin: 32313; Genetic ID: G-435; Photo ID: 09-151;",Sturgeon-PNR,"Penobscot River","2009-10-16 11:30:00","Penobscot River",516989,4958040,,,cm,3.75,kg,1,1,0,,,,,,,,,,,,,,,,NA,NA,Penobscot,
SNS-2009-072,SNS,1147464,Acoustic,Wild,"Carlin: 32320; FLOY: 101115; Genetic ID: G-441; Photo ID: 12-153;",Sturgeon-PNR,"Penobscot River","2009-09-23 12:04:00","Penobscot River",516968,4957979,,,cm,,kg,1,0,1,,,,,,,,,,,,,,,,NA,NA,Penobscot,
SNS-2009-072,SNS,1147464,Acoustic,Wild,"Carlin: 32320; FLOY: 101115; Genetic ID: G-441; Photo ID: 12-153;",Sturgeon-PNR,"Penobscot River","2012-10-05 00:00:00","Penobscot River",517237,4958320,92.00,107.00,cm,6.1500000000000004,kg,1,1,0,EF,65.00,45.00,54.00,,,,,,,,,,,,NA,NA,Penobscot,
SNS-2009-074,SNS,1098602,Acoustic,Wild,"Carlin: 32991; FLOY: 101171; Genetic ID: G-443; Photo ID: 12-057;",Sturgeon-PNR,"Penobscot River","2009-09-23 12:04:00","Penobscot River",516968,4957979,,,cm,,kg,1,0,1,,,,,,,,,,,,,,,,NA,NA,Penobscot,
SNS-2009-074,SNS,1098602,Acoustic,Wild,"Carlin: 32991; FLOY: 101171; Genetic ID: G-443; Photo ID: 12-057;",Sturgeon-PNR,"Penobscot River","2010-10-11 11:52:00","Penobscot River",517235,4958383,83.00,98.00,cm,4.5,kg,1,1,0,TT,51.00,49.00,51.00,,,,,,,,,,,,NA,NA,Penobscot,
SNS-2009-074,SNS,1098602,Acoustic,Wild,"Carlin: 32991; FLOY: 101171; Genetic ID: G-443; Photo ID: 12-057;",Sturgeon-PNR,"Penobscot River","2011-09-14 12:40:00","Penobscot River",516992,4957982,85.00,99.00,cm,5.0,kg,1,1,0,TT,50.00,48.00,50.00,,,,,,,,,,,,NA,NA,Penobscot,
SNS-2009-074,SNS,1098602,Acoustic,Wild,"Carlin: 32991; FLOY: 101171; Genetic ID: G-443; Photo ID: 12-057;",Sturgeon-PNR,"Penobscot River","2012-09-07 00:00:00","Penobscot River",517043,4957965,86.00,101.00,cm,5.2999999999999998,kg,1,1,0,TT,51.00,45.00,55.00,,,,,,,,,,,,NA,NA,Penobscot,
SNS-2009-075,SNS,1147458,Acoustic,Wild,"Carlin: 32321; FLOY: 101186; Genetic ID: G-445; Photo ID: 12-162;",Sturgeon-PNR,"Penobscot River","2009-09-23 12:04:00","Penobscot River",516968,4957979,,,cm,,kg,1,0,1,,,,,,,,,,,,,,,,NA,NA,Penobscot,
SNS-2009-075,SNS,1147458,Acoustic,Wild,"Carlin: 32321; FLOY: 101186; Genetic ID: G-445; Photo ID: 12-162;",Sturgeon-PNR,"Penobscot River","2012-10-05 00:00:00","Penobscot River",517237,4958320,86.00,104.00,cm,6.0999999999999996,kg,1,1,0,LF,58.00,47.00,56.00,,,,,,,,,,,,NA,NA,Penobscot,
SNS-2009-084,SNS,1221722,Acoustic,Wild,"Carlin: 32333; FLOY: 102366; Genetic ID: G-457; Photo ID: 15-166;",Sturgeon-PNR,"Penobscot River","2009-09-23 12:04:00","Penobscot River",516968,4957979,,,cm,,kg,1,0,1,,,,,,,,,,,,,,,,NA,NA,Penobscot,
SNS-2009-084,SNS,1221722,Acoustic,Wild,"Carlin: 32333; FLOY: 102366; Genetic ID: G-457; Photo ID: 15-166;",Sturgeon-PNR,"Penobscot River","2015-10-09 00:00:00","Penobscot River",520289,4961984,89.00,104.00,cm,7.0,kg,1,1,0,LF,66.00,54.00,61.00,,,,,,,,,,,,NA,NA,Penobscot,
SNS-2009-096,SNS,1098685,Acoustic,Wild,"Carlin: 33006; FLOY: 100926; Genetic ID: G-474; Photo ID: 13-112;",Sturgeon-PNR,"Penobscot River","2009-10-16 11:30:00","Penobscot River",516989,4958040,,,cm,2.25,kg,1,0,1,,,,,,,,,,,,,,,,NA,NA,Penobscot,
SNS-2009-096,SNS,1098685,Acoustic,Wild,"Carlin: 33006; FLOY: 100926; Genetic ID: G-474; Photo ID: 13-112;",Sturgeon-PNR,"Penobscot River","2010-09-10 10:38:00","Penobscot River",517127,4958036,69.00,78.00,cm,3.0,kg,1,1,0,U,50.00,45.00,48.00,,,,,,,,,,,,NA,NA,Penobscot,
SNS-2009-096,SNS,1098685,Acoustic,Wild,"Carlin: 33006; FLOY: 100926; Genetic ID: G-474; Photo ID: 13-112;",Sturgeon-PNR,"Penobscot River","2011-09-16 12:31:00","Penobscot River",516939,4957936,71.00,81.00,cm,4.0,kg,1,1,0,EF,52.00,46.00,49.00,,,,,,,,,,,,NA,NA,Penobscot,
SNS-2009-096,SNS,1098685,Acoustic,Wild,"Carlin: 33006; FLOY: 100926; Genetic ID: G-474; Photo ID: 13-112;",Sturgeon-PNR,"Penobscot River","2013-09-24 00:00:00","Penobscot River",517143,4958195,72.00,81.00,cm,3.1000000000000001,kg,1,1,0,U,52.00,44.00,52.00,,,,,,,,,,,,NA,NA,Penobscot,
SNS-2009-103,SNS,1063717,Acoustic,Wild,"Carlin: 32354; FLOY: 102342; Genetic ID: G-481; Photo ID: 13-022;",Sturgeon-PNR,"Penobscot River","2009-10-16 11:30:00","Penobscot River",516989,4958040,,,cm,2.75,kg,1,0,1,,,,,,,,,,,,,,,,NA,NA,Penobscot,
SNS-2009-103,SNS,1063717,Acoustic,Wild,"Carlin: 32354; FLOY: 102342; Genetic ID: G-481; Photo ID: 13-022;",Sturgeon-PNR,"Penobscot River","2010-08-17 09:22:00","Penobscot River",515233,4956120,77.00,89.00,cm,3.5,kg,1,1,0,EF,56.00,48.00,53.00,,,,,,,,,,,,NA,NA,Penobscot,
SNS-2009-103,SNS,1063717,Acoustic,Wild,"Carlin: 32354; FLOY: 102342; Genetic ID: G-481; Photo ID: 13-022;",Sturgeon-PNR,"Penobscot River","2010-10-11 11:52:00","Penobscot River",517235,4958383,76.00,88.00,cm,3.0,kg,1,1,0,U,55.00,43.00,53.00,,,,,,,,,,,,NA,NA,Penobscot,
SNS-2009-103,SNS,1063717,Acoustic,Wild,"Carlin: 32354; FLOY: 102342; Genetic ID: G-481; Photo ID: 13-022;",Sturgeon-PNR,"Penobscot River","2011-10-07 13:00:00","Penobscot River",520289,4961971,80.00,92.00,cm,4.0,kg,1,1,0,EF,57.00,48.00,55.00,,,,,,,,,,,,NA,NA,Penobscot,
SNS-2009-103,SNS,1063717,Acoustic,Wild,"Carlin: 32354; FLOY: 102342; Genetic ID: G-481; Photo ID: 13-022;",Sturgeon-PNR,"Penobscot River","2013-06-28 00:00:00","Penobscot River",514707,4947112,82.00,95.00,cm,,kg,1,1,0,EF,58.00,44.00,58.00,,,,,,,,,,,,NA,NA,Penobscot,
SNS-2009-103,SNS,1063717,Acoustic,Wild,"Carlin: 32354; FLOY: 102342; Genetic ID: G-481; Photo ID: 13-022;",Sturgeon-PNR,"Penobscot River","2016-11-30 00:00:00","Penobscot River",522391,4963114,87.00,97.00,cm,5.3499999999999996,kg,1,1,0,LF,,,,,,,,,,,,,,,NA,NA,Penobscot,
SNS-2009-103,SNS,1063717,Acoustic,Wild,"Carlin: 32354; FLOY: 102342; Genetic ID: G-481; Photo ID: 13-022;",Sturgeon-PNR,"Penobscot River","2018-11-08 00:00:00",Penobscot,516781,4957731,87.00,98.00,cm,4.4500000000000002,kg,1,1,0,,61.00,43.00,56.00,,,,,,,,,,,,NA,NA,Penobscot,
SNS-2009-116,SNS,1098603,Acoustic,Wild,"Carlin: 32985; FLOY: 102700; Genetic ID: G-494; Photo ID: 15-120;",Sturgeon-PNR,"Penobscot River","2009-10-16 11:30:00","Penobscot River",516989,4958040,,,cm,4.25,kg,1,0,1,,,,,,,,,,,,,,,,NA,NA,Penobscot,
SNS-2009-116,SNS,1098603,Acoustic,Wild,"Carlin: 32985; FLOY: 102700; Genetic ID: G-494; Photo ID: 15-120;",Sturgeon-PNR,"Penobscot River","2010-10-11 11:52:00","Penobscot River",517235,4958383,86.00,100.00,cm,5.5,kg,1,1,0,TT,63.00,41.00,53.00,,,,,,,,,,,,NA,NA,Penobscot,
SNS-2009-116,SNS,1098603,Acoustic,Wild,"Carlin: 32985; FLOY: 102700; Genetic ID: G-494; Photo ID: 15-120;",Sturgeon-PNR,"Penobscot River","2015-09-23 00:00:00","Penobscot River",517178,4958274,90.00,105.00,cm,5.9000000000000004,kg,1,1,0,EF,67.00,44.00,55.00,,,,,,,,,,,,NA,NA,Penobscot,
SNS-2009-130,SNS,1060114,Acoustic,Wild,"FLOY: 101087; Genetic ID: G-521; Photo ID: 11-069;",Sturgeon-PNR,"Penobscot River","2009-10-21 14:01:00","Penobscot River",517033,4958041,73.00,84.00,cm,2.75,kg,1,0,1,U,,,,,,,,,,,,,,,NA,NA,Penobscot,
SNS-2009-130,SNS,1060114,Acoustic,Wild,"FLOY: 101087; Genetic ID: G-521; Photo ID: 11-069;",Sturgeon-PNR,"Penobscot River","2011-08-19 12:09:00","Penobscot River",517203,4958230,79.00,93.00,cm,4.0,kg,1,1,0,TT,57.00,43.00,47.00,,,,,,,,,,,,NA,NA,Penobscot,
SNS-2009-134,SNS,1194443,Acoustic,Wild,"FLOY: 102729; Genetic ID: G-524; Photo ID: 15-022;",Sturgeon-PNR,"Penobscot River","2009-10-21 14:01:00","Penobscot River",517033,4958041,,,cm,4.0,kg,1,0,1,,,,,,,,,,,,,,,,NA,NA,Penobscot,
SNS-2009-134,SNS,1194443,Acoustic,Wild,"FLOY: 102729; Genetic ID: G-524; Photo ID: 15-022;",Sturgeon-PNR,"Penobscot River","2015-07-09 00:00:00","Penobscot River",514972,49467723,87.00,98.00,cm,7.1500000000000004,kg,1,1,0,EF,64.00,50.00,55.00,,,,,,,,,,,,NA,NA,Penobscot,
SNS-2009-143,SNS,1060113,Acoustic,Wild,"Genetic ID: G-516;",Sturgeon-PNR,"Penobscot River","2009-10-21 14:25:00","Penobscot River",517012,4957948,79.00,91.00,cm,4.0,kg,1,0,1,U,,,,,,,,,,,,,,,NA,NA,Penobscot,
SNS-2009-144,SNS,1060111,Acoustic,Wild,"FLOY: 101283; Genetic ID: G-509; Photo ID: 11-165;",Sturgeon-PNR,"Penobscot River","2009-10-21 14:25:00","Penobscot River",517012,4957948,102.00,120.00,cm,11.0,kg,1,0,1,EF,,,,,,,,,,,,,,,NA,NA,Penobscot,
SNS-2009-144,SNS,1060111,Acoustic,Wild,"FLOY: 101283; Genetic ID: G-509; Photo ID: 11-165;",Sturgeon-PNR,"Penobscot River","2011-10-21 11:25:00","Penobscot River",516871,4957821,103.00,123.00,cm,10.5,kg,1,1,0,EF,77.00,54.00,65.00,,,,,,,,,,,,NA,NA,Penobscot,
SNS-2010-004,SNS,1098593,Acoustic,Wild,"Carlin: 32349; Genetic ID: G-539; Photo ID: 10-206;",Sturgeon-PNR,"Penobscot River","2010-07-07 13:37:00","Penobscot River",514735,4947046,92.00,104.00,cm,6.5,kg,1,0,1,U,67.00,51.00,58.00,,,,,,,,,,,,NA,NA,Penobscot,
SNS-2010-004,SNS,1098593,Acoustic,Wild,"Carlin: 32349; Genetic ID: G-539; Photo ID: 10-206;",Sturgeon-PNR,"Penobscot River","2010-10-11 11:52:00","Penobscot River",517235,4958383,90.00,103.00,cm,5.0,kg,1,1,0,U,69.00,51.00,57.00,,,,,,,,,,,,NA,NA,Penobscot,
SNS-2010-009,SNS,1063718,Acoustic,Wild,"Carlin: 32355; Genetic ID: G-562; Photo ID: 10-111;",Sturgeon-PNR,"Penobscot River","2010-08-17 12:00:00","Penobscot River",515715,4956451,74.00,85.00,cm,3.75,kg,1,0,1,TT,54.00,37.00,46.00,,,,,,,,,,,,NA,NA,Penobscot,
SNS-2010-009,SNS,1063718,Acoustic,Wild,"Carlin: 32355; Genetic ID: G-562; Photo ID: 10-111;",Sturgeon-PNR,"Penobscot River","2010-09-10 12:55:00","Penobscot River",517235,4958283,72.00,85.00,cm,3.0,kg,1,1,0,TT,53.00,39.00,43.00,,,,,,,,,,,,NA,NA,Penobscot,
SNS-2010-014,SNS,1097673,Acoustic,Wild,"Carlin: 32360; Genetic ID: G-567; Photo ID: 10-043;",Sturgeon-PNR,"Penobscot River","2010-08-19 14:06:00","Penobscot River",515529,4956314,76.00,88.00,cm,3.5,kg,1,0,1,TT,56.00,50.00,53.00,,,,,,,,,,,,NA,NA,Penobscot,
SNS-2010-015,SNS,1098679,Acoustic,Wild,"Carlin: 32361; Genetic ID: G-568; Photo ID: 10-044;",Sturgeon-PNR,"Penobscot River","2010-08-23 11:07:00","Penobscot River",517051,4957998,70.00,85.00,cm,3.0,kg,1,0,1,TT,54.00,41.00,46.00,,,,,,,,,,,,NA,NA,Penobscot,
SNS-2010-050,SNS,1194448,Acoustic,Wild,"Carlin: 32381; FLOY: 102316; Genetic ID: G-587; Photo ID: 14-027;",Sturgeon-PNR,"Penobscot River","2010-08-27 10:31:00","Penobscot River",517307,4958394,83.00,95.00,cm,5.0,kg,1,0,1,U,61.00,47.00,56.00,,,,,,,,,,,,NA,NA,Penobscot,
SNS-2010-050,SNS,1194448,Acoustic,Wild,"Carlin: 32381; FLOY: 102316; Genetic ID: G-587; Photo ID: 14-027;",Sturgeon-PNR,"Penobscot River","2014-10-03 00:00:00","Penobscot River",517384,4958443,87.00,102.00,cm,5.8499999999999996,kg,1,1,0,LF,65.00,53.00,59.00,,,,,,,,,,,,NA,NA,Penobscot,
SNS-2010-052,SNS,1098680,Acoustic,Wild,"Carlin: 33000; FLOY: 100918; Genetic ID: G-607; Photo ID: 10-096;",Sturgeon-PNR,"Penobscot River","2010-09-01 09:42:00","Penobscot River",517048,4957968,86.00,99.00,cm,5.5,kg,1,0,1,TT,65.00,48.00,55.00,,,,,,,,,,,,NA,NA,Penobscot,
SNS-2010-052,SNS,1098680,Acoustic,Wild,"Carlin: 33000; FLOY: 100918; Genetic ID: G-607; Photo ID: 10-096;",Sturgeon-PNR,"Penobscot River","2013-09-24 00:00:00","Penobscot River",517143,4958195,90.00,105.00,cm,6.4500000000000002,kg,1,1,0,.,70.00,53.00,57.00,,,,,,,,,,,,NA,NA,Penobscot,
SNS-2010-054,SNS,1098682,Acoustic,Wild,"Carlin: 33002; Genetic ID: G-611; Photo ID: 10-101;",Sturgeon-PNR,"Penobscot River","2010-09-03 10:57:00","Penobscot River",516994,4957923,71.00,83.00,cm,3.5,kg,1,0,1,TT,58.00,45.00,46.00,,,,,,,,,,,,NA,NA,Penobscot,
SNS-2010-057,SNS,1098681,Acoustic,Wild,"Carlin: 33005; Genetic ID: G-617; Photo ID: 10-107;",Sturgeon-PNR,"Penobscot River","2010-09-06 10:36:00","Penobscot River",517209,4958216,74.00,87.00,cm,3.5,kg,1,0,1,U,57.00,45.00,50.00,,,,,,,,,,,,NA,NA,Penobscot,
SNS-2010-060,SNS,1098684,Acoustic,Wild,"Carlin: 33008; Genetic ID: G-620; Photo ID: 10-112;",Sturgeon-PNR,"Penobscot River","2010-09-10 12:55:00","Penobscot River",517235,4958283,81.00,95.00,cm,4.5,kg,1,0,1,TT,57.00,46.00,51.00,,,,,,,,,,,,NA,NA,Penobscot,
SNS-2010-088,SNS,1098607,Acoustic,Wild,"Carlin: 32986; Genetic ID: G-689; Photo ID: 10-200;",Sturgeon-PNR,"Penobscot River","2010-10-11 11:52:00","Penobscot River",517235,4958383,81.00,93.00,cm,5.5,kg,1,0,1,LF,58.00,36.00,49.00,,,,,,,,,,,,NA,NA,Penobscot,
SNS-2010-097,SNS,1098604,Acoustic,Wild,"Carlin: 32988; Genetic ID: G-688; Photo ID: 10-195;",Sturgeon-PNR,"Penobscot River","2010-10-11 11:52:00","Penobscot River",517235,4958383,87.00,100.00,cm,5.5,kg,1,0,1,U,68.00,43.00,50.00,,,,,,,,,,,,NA,NA,Penobscot,
SNS-2010-097,SNS,1098604,Acoustic,Wild,"Carlin: 32988; Genetic ID: G-688; Photo ID: 10-195;",Sturgeon-PNR,"Penobscot River","2011-10-07 13:00:00","Penobscot River",520289,4961971,90.00,102.00,cm,7.0,kg,1,1,0,TT,68.00,47.00,51.00,,,,,,,,,,,,NA,NA,Penobscot,
SNS-2010-101,SNS,1098599,Acoustic,Wild,"Carlin: 32994; Genetic ID: G-684; Photo ID: 10-186;",Sturgeon-PNR,"Penobscot River","2010-10-11 11:52:00","Penobscot River",517235,4958383,91.00,103.00,cm,6.5,kg,1,0,1,LF,63.00,52.00,53.00,,,,,,,,,,,,NA,NA,Penobscot,
SNS-2010-104,SNS,1098605,Acoustic,Wild,"Carlin: 32997; Genetic ID: G-681;",Sturgeon-PNR,"Penobscot River","2010-10-11 11:52:00","Penobscot River",517235,4958383,91.00,104.00,cm,8.0,kg,1,0,1,LF,71.00,52.00,56.00,,,,,,,,,,,,NA,NA,Penobscot,
SNS-2010-109,SNS,1098592,Acoustic,Wild,"Carlin: 32989; Genetic ID: G-687; Photo ID: 11-116;",Sturgeon-PNR,"Penobscot River","2010-10-11 11:52:00","Penobscot River",517235,4958383,92.00,109.00,cm,6.5,kg,1,0,1,LF,67.00,56.00,61.00,,,,,,,,,,,,NA,NA,Penobscot,
SNS-2010-109,SNS,1098592,Acoustic,Wild,"Carlin: 32989; Genetic ID: G-687; Photo ID: 11-116;",Sturgeon-PNR,"Penobscot River","2011-06-21 12:45:00","Penobscot River",514616,4947221,94.00,110.00,cm,7.0999999999999996,kg,1,1,0,U,68.00,50.00,60.00,,,,,,,,,,,,NA,NA,Penobscot,
SNS-2010-109,SNS,1098592,Acoustic,Wild,"Carlin: 32989; Genetic ID: G-687; Photo ID: 11-116;",Sturgeon-PNR,"Penobscot River","2011-09-14 12:40:00","Penobscot River",516992,4957982,94.00,111.00,cm,6.0,kg,1,1,0,,67.00,56.00,62.00,,,,,,,,,,,,NA,NA,Penobscot,
SNS-2010-111,SNS,1268222,Acoustic,Wild,"Carlin: 33037; FLOY: 53326; Genetic ID: G-655; Photo ID: 17-062;",Sturgeon-PNR,"Penobscot River","2010-10-11 12:49:00","Penobscot River",517129,4958267,70.00,79.00,cm,2.0,kg,1,0,1,,53.00,44.00,46.00,,,,,,,,,,,,NA,NA,Penobscot,
SNS-2010-111,SNS,1268222,Acoustic,Wild,"Carlin: 33037; FLOY: 53326; Genetic ID: G-655; Photo ID: 17-062;",Sturgeon-PNR,"Penobscot River","2017-09-12 00:00:00",Penobscot,513008,4949613,83.00,95.00,cm,5.5999999999999996,kg,1,1,0,,61.00,48.00,58.00,,,,,,,,,,,,NA,NA,Penobscot,
SNS-2010-118,SNS,1098596,Acoustic,Wild,"Carlin: 33046; Genetic ID: G-662; Photo ID: 10-170;",Sturgeon-PNR,"Penobscot River","2010-10-11 12:49:00","Penobscot River",517129,4958267,83.00,94.00,cm,5.5,kg,1,0,1,LF,61.00,43.00,53.00,,,,,,,,,,,,NA,NA,Penobscot,
SNS-2011-017,SNS,1268220,Acoustic,Wild,"FLOY: 53306; Genetic ID: G-733; Photo ID: 17-041;",Sturgeon-PNR,"Penobscot River","2011-08-18 11:22:00","Penobscot River",517337,4958407,72.00,84.00,cm,3.0,kg,1,0,1,TT,52.00,40.00,44.00,,,,,,,,,,,,NA,NA,Penobscot,
SNS-2011-017,SNS,1268220,Acoustic,Wild,"FLOY: 53306; Genetic ID: G-733; Photo ID: 17-041;",Sturgeon-PNR,"Penobscot River","2017-08-01 00:00:00",Penobscot,514486,4948140,87.00,102.00,cm,6.5,kg,1,1,0,EF,62.00,44.00,55.00,,,,,,,,,,,,NA,NA,Penobscot,
SNS-2011-022,SNS,1268221,Acoustic,Wild,"FLOY: 53325; Genetic ID: G-732; Photo ID: 17-107;",Sturgeon-PNR,"Penobscot River","2011-08-18 11:22:00","Penobscot River",517337,4958407,89.00,102.00,cm,7.0,kg,1,0,1,EF,68.00,54.00,65.00,,,,,,,,,,,,NA,NA,Penobscot,
SNS-2011-022,SNS,1268221,Acoustic,Wild,"FLOY: 53325; Genetic ID: G-732; Photo ID: 17-107;",Sturgeon-PNR,"Penobscot River","2017-09-12 00:00:00",Penobscot,512847,4949674,96.00,104.00,cm,9.0,kg,1,1,0,LF,73.00,55.00,69.00,,,,,,,,,,,,NA,NA,Penobscot,
SNS-2011-022,SNS,1268221,Acoustic,Wild,"FLOY: 53325; Genetic ID: G-732; Photo ID: 17-107;",Sturgeon-PNR,"Penobscot River","2017-10-09 00:00:00",Penobscot,514503,4948144,94.00,102.00,cm,8.6999999999999993,kg,1,1,0,U,74.00,58.00,68.00,,,,,,,,,,,,NA,NA,Penobscot,
SNS-2011-040,SNS,1221721,Acoustic,Wild,"FLOY: 102763; Genetic ID: G-744; Photo ID: 15-070;",Sturgeon-PNR,"Penobscot River","2011-08-19 12:09:00","Penobscot River",517203,4958230,95.00,108.00,cm,8.0,kg,1,0,1,EF,70.00,56.00,66.00,,,,,,,,,,,,NA,NA,Penobscot,
SNS-2011-040,SNS,1221721,Acoustic,Wild,"FLOY: 102763; Genetic ID: G-744; Photo ID: 15-070;",Sturgeon-PNR,"Penobscot River","2015-09-03 00:00:00","Penobscot River",517253,4958195,97.00,108.00,cm,10.0,kg,1,1,0,LF,73.00,59.00,68.00,,,,,,,,,,,,NA,NA,Penobscot,
SNS-2011-089,SNS,1147461,Acoustic,Wild,"FLOY: 101191; Genetic ID: G-789; Photo ID: 12-136;",Sturgeon-PNR,"Penobscot River","2011-09-16 12:31:00","Penobscot River",516939,4957936,81.00,95.00,cm,5.0,kg,1,0,1,TT,66.00,49.00,50.00,,,,,,,,,,,,NA,NA,Penobscot,
SNS-2011-089,SNS,1147461,Acoustic,Wild,"FLOY: 101191; Genetic ID: G-789; Photo ID: 12-136;",Sturgeon-PNR,"Penobscot River","2012-10-05 00:00:00","Penobscot River",517172,4958241,84.00,98.00,cm,5.5499999999999998,kg,1,1,0,LF,65.00,43.00,52.00,,,,,,,,,,,,NA,NA,Penobscot,
SNS-2011-089,SNS,1147461,Acoustic,Wild,"FLOY: 101191; Genetic ID: G-789; Photo ID: 12-136;",Sturgeon-PNR,"Penobscot River","2016-07-13 00:00:00","Penobscot River",514796,4946972,89.00,104.00,cm,7.2000000000000002,kg,1,1,0,EF,,,,,,,,,,,,,,,NA,NA,Penobscot,
SNS-2011-089,SNS,1147461,Acoustic,Wild,"FLOY: 101191; Genetic ID: G-789; Photo ID: 12-136;",Sturgeon-PNR,"Penobscot River","2019-11-26 00:00:00",Penobscot,516906,4957934,90.00,106.00,cm,5.9000000000000004,kg,1,1,0,EF,73.00,43.00,59.00,,,,,,,,,,,,NA,NA,Penobscot,
SNS-2011-164,SNS,A69-2801-201247,Acoustic,Wild,"FLOY: 102374; Genetic ID: G-847; Photo ID: 15-162;",Sturgeon-PNR,"Penobscot River","2011-10-07 13:00:00","Penobscot River",520289,4961971,84.00,97.00,cm,4.0,kg,1,0,1,TT,60.00,45.00,47.00,,,,,,,,,,,,NA,NA,Penobscot,
SNS-2011-164,SNS,A69-2801-201247,Acoustic,Wild,"FLOY: 102374; Genetic ID: G-847; Photo ID: 15-162;",Sturgeon-PNR,"Penobscot River","2015-10-09 00:00:00","Penobscot River",520289,4961984,85.00,99.00,cm,4.3499999999999996,kg,1,1,0,,63.00,42.00,49.00,,,,,,,,,,,,NA,NA,Penobscot,
SNS-2011-164,SNS,A69-2801-201247,Acoustic,Wild,"FLOY: 102374; Genetic ID: G-847; Photo ID: 15-162;",Sturgeon-PNR,"Penobscot River","2016-08-29 00:00:00","Penobscot River",512940,4951490,88.00,102.00,cm,5.4000000000000004,kg,1,1,0,EF,,,,,,,,,,,,,,,NA,NA,Penobscot,
SNS-2011-164,SNS,A69-2801-201247,Acoustic,Wild,"FLOY: 102374; Genetic ID: G-847; Photo ID: 15-162;",Sturgeon-PNR,"Penobscot River","2025-08-05 00:00:00","The Spindle",514494,4948116,90.00,104.00,cm,,g,1,1,0,UNK,68.00,39.00,55.00,,,,,,,,,,,,NA,NA,Penobscot,
SNS-2012-007,SNS,A69-2801-201232,Acoustic,Wild,"FLOY: 101239; Genetic ID: G-889; Photo ID: 12-034;",Sturgeon-PNR,"Penobscot River","2012-08-01 00:00:00","Penobscot River",514204,4948258,74.00,84.00,cm,3.5,kg,1,0,1,U,53.00,41.00,50.00,,,,,,,,,,,,NA,NA,Penobscot,
SNS-2012-007,SNS,A69-2801-201232,Acoustic,Wild,"FLOY: 101239; Genetic ID: G-889; Photo ID: 12-034;",Sturgeon-PNR,"Penobscot River","2025-08-05 00:00:00","The Spindle",514494,4948116,89.00,100.00,cm,,g,1,1,0,UNK,67.00,38.00,59.00,,,,,,,,,,,,NA,NA,Penobscot,
SNS-2012-070,SNS,1221727,Acoustic,Wild,"FLOY: 102793; Genetic ID: G-951; Photo ID: 15-104;",Sturgeon-PNR,"Penobscot River","2012-10-05 00:00:00","Penobscot River",517172,4958241,82.00,92.00,cm,3.6499999999999999,kg,1,0,1,U,57.00,46.00,57.00,,,,,,,,,,,,NA,NA,Penobscot,
SNS-2012-070,SNS,1221727,Acoustic,Wild,"FLOY: 102793; Genetic ID: G-951; Photo ID: 15-104;",Sturgeon-PNR,"Penobscot River","2015-09-16 00:00:00","Penobscot River",516750,4957176,89.00,101.00,cm,6.4500000000000002,kg,1,1,0,LF,64.00,49.00,60.00,,,,,,,,,,,,NA,NA,Penobscot,
SNS-2012-074,SNS,1147463,Acoustic,Wild,"FLOY: 100938; Genetic ID: G-1035; Photo ID: 13-087;",Sturgeon-PNR,"Penobscot River","2012-10-05 00:00:00","Penobscot River",517172,4958241,83.00,96.00,cm,5.5999999999999996,kg,1,0,1,LF,59.00,45.00,52.00,,,,,,,,,,,,NA,NA,Penobscot,
SNS-2012-074,SNS,1147463,Acoustic,Wild,"FLOY: 100938; Genetic ID: G-1035; Photo ID: 13-087;",Sturgeon-PNR,"Penobscot River","2013-09-10 00:00:00","Penobscot River",520230,4961938,83.00,94.00,cm,4.5999999999999996,kg,1,1,0,U,61.00,46.00,52.00,,,,,,,,,,,,NA,NA,Penobscot,
SNS-2012-077,SNS,1147455,Acoustic,Wild,"FLOY: 102744; Genetic ID: G-962; Photo ID: 17-091;",Sturgeon-PNR,"Penobscot River","2012-10-05 00:00:00","Penobscot River",517172,4958241,86.00,101.00,cm,5.9000000000000004,kg,1,0,1,LF,63.00,46.00,58.00,,,,,,,,,,,,NA,NA,Penobscot,
SNS-2012-077,SNS,1147455,Acoustic,Wild,"FLOY: 102744; Genetic ID: G-962; Photo ID: 17-091;",Sturgeon-PNR,"Penobscot River","2015-07-09 00:00:00","Penobscot River",514817,4946742,87.00,100.00,cm,7.0499999999999998,kg,1,1,0,U,67.00,51.00,60.00,,,,,,,,,,,,NA,NA,Penobscot,
SNS-2012-077,SNS,1147455,Acoustic,Wild,"FLOY: 102744; Genetic ID: G-962; Photo ID: 17-091;",Sturgeon-PNR,"Penobscot River","2017-09-19 00:00:00",Penobscot,514594,4948102,94.00,108.00,cm,8.0999999999999996,kg,1,1,0,U,67.00,50.00,63.00,,,,,,,,,,,,NA,NA,Penobscot,
SNS-2012-078,SNS,1147457,Acoustic,Wild,"FLOY: 101177; Genetic ID: G-963; Photo ID: 12-142;",Sturgeon-PNR,"Penobscot River","2012-10-05 00:00:00","Penobscot River",517172,4958241,89.00,103.00,cm,7.2999999999999998,kg,1,0,1,LF,62.00,50.00,62.00,,,,,,,,,,,,NA,NA,Penobscot,
SNS-2013-068,SNS,1147449,Acoustic,Wild,"FLOY: 100919; Genetic ID: G-1069; Photo ID: 13-124;",Sturgeon-PNR,"Penobscot River","2013-10-09 00:00:00","Penobscot River",521962,4962993,96.00,99.00,cm,7.5,kg,1,0,1,EF,70.00,54.00,62.00,,,,,,,,,,,,NA,NA,Penobscot,
SNS-2014-017,SNS,1147452,Acoustic,Wild,"FLOY: 100981; Genetic ID: G-1076; Photo ID: 14-007;",Sturgeon-PNR,"Penobscot River","2014-09-01 00:00:00","Penobscot River",,,98.00,111.00,cm,7.9500000000000002,kg,1,0,1,EF,74.00,53.00,68.00,,,,,,,,,,,,NA,NA,Penobscot,
SNS-2014-028,SNS,1194442,Acoustic,Wild,"FLOY: 102315; Genetic ID: G-1101; Photo ID: 14-084;",Sturgeon-PNR,"Penobscot River","2014-10-26 00:00:00","Penobscot River",520734,4962402,78.00,90.00,cm,4.9500000000000002,kg,1,0,1,F,63.00,50.00,59.00,,,,,,,,,,,,NA,NA,Penobscot,
SNS-2014-029,SNS,1194445,Acoustic,Wild,"FLOY: 102313; Genetic ID: G-1103; Photo ID: 14-086;",Sturgeon-PNR,"Penobscot River","2014-10-26 00:00:00","Penobscot River",520734,4962402,88.00,104.00,cm,5.6500000000000004,kg,1,0,1,LF,66.00,51.00,58.00,,,,,,,,,,,,NA,NA,Penobscot,
SNS-2015-019,SNS,1194446,Acoustic,Wild,"FLOY: 102728; Genetic ID: G-1127; Photo ID: 15-028;",Sturgeon-PNR,"Penobscot River","2015-07-09 00:00:00","Penobscot River",514817,4946742,86.00,100.00,cm,6.9000000000000004,kg,1,0,1,EF,65.00,50.00,60.00,,,,,,,,,,,,NA,NA,Penobscot,
SNS-2015-019,SNS,1194446,Acoustic,Wild,"FLOY: 102728; Genetic ID: G-1127; Photo ID: 15-028;",Sturgeon-PNR,"Penobscot River","2016-11-23 00:00:00","Penobscot River",522534,4963098,90.00,104.00,cm,6.0499999999999998,kg,1,1,0,U,,,,,,,,,,,,,,,NA,NA,Penobscot,
SNS-2015-021,SNS,1147448,Acoustic,Wild,"FLOY: 102730; Genetic ID: G-1129; Photo ID: 15-031;",Sturgeon-PNR,"Penobscot River","2015-07-16 00:00:00","Penobscot River",512896,4949977,92.00,102.00,cm,7.7000000000000002,kg,1,0,1,EF,79.00,53.00,66.00,,,,,,,,,,,,NA,NA,Penobscot,
SNS-2015-025,SNS,1194447,Acoustic,Wild,"FLOY: 102779; Genetic ID: G-1133; Photo ID: 15-039;",Sturgeon-PNR,"Penobscot River","2015-07-21 00:00:00","Penobscot River",514862,4946711,79.00,91.00,cm,5.8499999999999996,kg,1,0,1,EF,60.00,48.00,54.00,,,,,,,,,,,,NA,NA,Penobscot,
SNS-2015-026,SNS,1194440,Acoustic,Wild,"FLOY: 102704; Genetic ID: G-1134; Photo ID: 15-040;",Sturgeon-PNR,"Penobscot River","2015-07-21 00:00:00","Penobscot River",514862,4946711,88.00,99.00,cm,5.9000000000000004,kg,1,0,1,EF,59.00,53.00,59.00,,,,,,,,,,,,NA,NA,Penobscot,
SNS-2015-031,SNS,1194441,Acoustic,Wild,"FLOY: 102701; Genetic ID: G-1140; Photo ID: 15-220;",Sturgeon-PNR,"Penobscot River","2015-08-06 00:00:00","Penobscot River",514772,4947297,93.00,106.00,cm,7.5,kg,1,0,1,EF,69.00,56.00,59.00,,,,,,,,,,,,NA,NA,Penobscot,
SNS-2015-031,SNS,1194441,Acoustic,Wild,"FLOY: 102701; Genetic ID: G-1140; Photo ID: 15-220;",Sturgeon-PNR,"Penobscot River","2015-10-16 00:00:00","Penobscot River",520289,4961984,91.00,104.00,cm,6.7000000000000002,kg,1,1,0,EF,69.00,50.00,59.00,,,,,,,,,,,,NA,NA,Penobscot,
SNS-2015-034,SNS,1221724,Acoustic,Wild,"FLOY: 102380; Genetic ID: G-1144; Photo ID: 15-053;",Sturgeon-PNR,"Penobscot River","2015-08-07 00:00:00","Penobscot River",512807,4950070,94.00,110.00,cm,7.5,kg,1,0,1,EF,65.00,53.00,62.00,,,,,,,,,,,,NA,NA,Penobscot,
SNS-2015-034,SNS,1221724,Acoustic,Wild,"FLOY: 102380; Genetic ID: G-1144; Photo ID: 15-053;",Sturgeon-PNR,"Penobscot River","2019-07-30 00:00:00",Penobscot,514772,4947174,96.00,111.00,cm,6.1500000000000004,kg,1,1,0,U,67.00,48.00,63.00,,,,,,,,,,,,NA,NA,Penobscot,
SNS-2015-038,SNS,1221719,Acoustic,Wild,"FLOY: 102384; Genetic ID: G-1145; Photo ID: 15-054;",Sturgeon-PNR,"Penobscot River","2015-08-07 00:00:00","Penobscot River",512962,4949762,92.00,109.00,cm,9.5999999999999996,kg,1,0,1,EF,67.00,50.00,60.00,,,,,,,,,,,,NA,NA,Penobscot,
SNS-2015-043,SNS,1221720,Acoustic,Wild,"FLOY: 53348; Genetic ID: G-1151; Photo ID: 17-085;",Sturgeon-PNR,"Penobscot River","2015-08-20 00:00:00","Penobscot River",512851,4950008,92.00,103.00,cm,7.0999999999999996,kg,1,0,1,EF,71.00,54.00,65.00,,,,,,,,,,,,NA,NA,Penobscot,
SNS-2015-043,SNS,1221720,Acoustic,Wild,"FLOY: 53348; Genetic ID: G-1151; Photo ID: 17-085;",Sturgeon-PNR,"Penobscot River","2017-09-14 00:00:00",Penobscot,512949,4949697,95.00,107.00,cm,7.8499999999999996,kg,1,1,0,EF,73.00,57.00,75.00,,,,,,,,,,,,NA,NA,Penobscot,
SNS-2015-043,SNS,1221720,Acoustic,Wild,"FLOY: 53348; Genetic ID: G-1151; Photo ID: 17-085;",Sturgeon-PNR,"Penobscot River","2019-07-16 00:00:00",Penobscot,514570,4947044,96.00,106.00,cm,6.7999999999999998,kg,1,1,0,U,74.00,49.00,67.00,,,,,,,,,,,,NA,NA,Penobscot,
SNS-2015-048,SNS,1221723,Acoustic,Wild,"FLOY: 102376; Genetic ID: G-1156; Photo ID: 15-068;",Sturgeon-PNR,"Penobscot River","2015-09-03 00:00:00","Penobscot River",517148,4958288,91.00,105.00,cm,5.4000000000000004,kg,1,0,1,EF,70.00,56.00,57.00,,,,,,,,,,,,NA,NA,Penobscot,
SNS-2015-049,SNS,1221733,Acoustic,Wild,"FLOY: 102774; Genetic ID: G-1157; Photo ID: 15-069;",Sturgeon-PNR,"Penobscot River","2015-09-03 00:00:00","Penobscot River",517152,4958133,82.00,96.00,cm,4.7000000000000002,kg,1,0,1,EF,64.00,51.00,55.00,,,,,,,,,,,,NA,NA,Penobscot,
SNS-2015-049,SNS,1221733,Acoustic,Wild,"FLOY: 102774; Genetic ID: G-1157; Photo ID: 15-069;",Sturgeon-PNR,"Penobscot River","2016-08-18 00:00:00","Penobscot River",513014,4949586,84.00,98.00,cm,4.9000000000000004,kg,1,1,0,U,,,,,,,,,,,,,,,NA,NA,Penobscot,
SNS-2015-050,SNS,1221730,Acoustic,Wild,"FLOY: 102702; Genetic ID: G-1158; Photo ID: 15-071;",Sturgeon-PNR,"Penobscot River","2015-09-04 00:00:00","Penobscot River",517099,4958195,91.00,98.00,cm,6.5499999999999998,kg,1,0,1,LF,64.00,45.00,54.00,,,,,,,,,,,,NA,NA,Penobscot,
SNS-2015-051,SNS,1221729,Acoustic,Wild,"FLOY: 102311; Genetic ID: G-1159; Photo ID: 15-072;",Sturgeon-PNR,"Penobscot River","2015-09-04 00:00:00","Penobscot River",517165,49580401,86.00,98.00,cm,5.4000000000000004,kg,1,0,1,EF,66.00,47.00,58.00,,,,,,,,,,,,NA,NA,Penobscot,
SNS-2015-056,SNS,1221732,Acoustic,Wild,"FLOY: 102771; Genetic ID: G-1163; Photo ID: 15-077;",Sturgeon-PNR,"Penobscot River","2015-09-04 00:00:00","Penobscot River",517230,4958380,97.00,99.00,cm,7.2000000000000002,kg,1,0,1,LF,64.00,51.00,57.00,,,,,,,,,,,,NA,NA,Penobscot,
SNS-2015-084,SNS,1221726,Acoustic,Wild,"FLOY: 102714; Genetic ID: G-1193; Photo ID: 15-114;",Sturgeon-PNR,"Penobscot River","2015-09-18 00:00:00","Penobscot River",517165,4958288,92.00,105.00,cm,7.2000000000000002,kg,1,0,1,LF,68.00,52.00,57.00,,,,,,,,,,,,NA,NA,Penobscot,
SNS-2015-088,SNS,1221725,Acoustic,Wild,"FLOY: 102718; Genetic ID: G-1198; Photo ID: 15-119;",Sturgeon-PNR,"Penobscot River","2015-09-23 00:00:00","Penobscot River",517178,4958274,85.00,99.00,cm,5.7999999999999998,kg,1,0,1,LF,69.00,47.00,57.00,,,,,,,,,,,,NA,NA,Penobscot,
SNS-2015-090,SNS,1221731,Acoustic,Wild,"FLOY: 102706; Genetic ID: G-1196; Photo ID: 15-117;",Sturgeon-PNR,"Penobscot River","2015-09-23 00:00:00","Penobscot River",517090,4958226,81.00,95.00,cm,4.7999999999999998,kg,1,0,1,LF,57.00,40.00,51.00,,,,,,,,,,,,NA,NA,Penobscot,
SNS-2015-113,SNS,1221728,Acoustic,Wild,"FLOY: 102373; Genetic ID: G-1221; Photo ID: 15-147;",Sturgeon-PNR,"Penobscot River","2015-10-09 00:00:00","Penobscot River",520289,4961984,94.00,112.00,cm,7.7999999999999998,kg,1,0,1,LF,67.00,52.00,61.00,,,,,,,,,,,,NA,NA,Penobscot,
SNS-2016-116,SNS,1251362,Acoustic,Wild,"FLOY: 53046; Genetic ID: G-1433; Photo ID: 16-178;",Sturgeon-PNR,"Penobscot River","2016-11-11 00:00:00","Penobscot River",522376,4963146,70.00,81.00,cm,2.5499999999999998,kg,1,0,1,TT,,,,,,,,,,,,,,T,11183,9002,Penobscot,
SNS-2016-116,SNS,1251362,Acoustic,Wild,"FLOY: 53046; Genetic ID: G-1433; Photo ID: 16-178;",Sturgeon-PNR,"Penobscot River","2020-07-06 00:00:00","Penobscot River",528022,4976571,77.00,91.00,cm,3.4500000000000002,kg,1,1,0,,,,,,,,,,,,,,,T,11183,9002,Penobscot,
SNS-2017-021,SNS,1251360,Acoustic,Wild,"FLOY: 53394; Genetic ID: G-1497; Photo ID: 17-027;",Sturgeon-PNR,"Penobscot River","2017-07-11 00:00:00",Penobscot,,,62.00,73.00,cm,1.5,kg,1,0,1,TT,44.00,32.00,35.00,,,,,,,,,,,T,11181,A69-9002,Penobscot,
SNS-2017-025,SNS,1268215,Acoustic,Wild,"FLOY: 53301; Genetic ID: G-1503; Photo ID: 17-036;",Sturgeon-PNR,"Penobscot River","2017-07-26 00:00:00",Penobscot,513726,4954681,75.00,90.00,cm,3.5499999999999998,kg,1,0,1,TT,56.00,44.00,52.00,,,,,,,,,,,,NA,NA,Penobscot,
SNS-2017-027,SNS,1268217,Acoustic,Wild,"FLOY: 53303; Genetic ID: G-1505; Photo ID: 17-038;",Sturgeon-PNR,"Penobscot River","2017-07-27 00:00:00",Penobscot,517724,4958887,71.00,82.00,cm,3.0499999999999998,kg,1,0,1,TT,47.00,36.00,45.00,,,,,,,,,,,,NA,NA,Penobscot,
SNS-2017-030,SNS,1268219,Acoustic,Wild,"FLOY: 53307; Genetic ID: G-1508; Photo ID: 17-042;",Sturgeon-PNR,"Penobscot River","2017-08-01 00:00:00",Penobscot,514486,4948140,84.00,97.00,cm,5.6500000000000004,kg,1,0,1,LF,54.00,34.00,51.00,,,,,,,,,,,,NA,NA,Penobscot,
SNS-2017-033,SNS,1268223,Acoustic,Wild,"FLOY: 53311; Genetic ID: G-1511; Photo ID: 17-046;",Sturgeon-PNR,"Penobscot River","2017-08-14 00:00:00",Penobscot,514533,4947474,77.00,89.00,cm,4.25,kg,1,0,1,MF,53.00,37.00,49.00,,,,,,,,,,,,NA,NA,Penobscot,
SNS-2017-036,SNS,1268218,Acoustic,Wild,"FLOY: 53314; Genetic ID: G-1514; Photo ID: 17-049;",Sturgeon-PNR,"Penobscot River","2017-08-15 00:00:00",Penobscot,513133,4952967,73.00,86.00,cm,3.7999999999999998,kg,1,0,1,MF,53.00,37.00,44.00,,,,,,,,,,,,NA,NA,Penobscot,
SNS-2017-068,SNS,A69-2801-201227,Acoustic,Wild,"FLOY: 53181; Genetic ID: G-1587; Photo ID: 17-109;",Sturgeon-PNR,"Penobscot River","2017-10-18 00:00:00",Penobscot,513317,4952129,93.00,104.00,cm,6.0,kg,1,0,1,U,61.00,44.00,61.00,,,,,,,,,,,,NA,NA,Penobscot,
SNS-2017-068,SNS,A69-2801-201227,Acoustic,Wild,"FLOY: 53181; Genetic ID: G-1587; Photo ID: 17-109;",Sturgeon-PNR,"Penobscot River","2025-08-17 00:00:00","The Spindle",514494,4948116,96.00,114.00,cm,,g,1,1,0,UNK,66.00,50.00,69.00,,,,,,,,,,,,NA,NA,Penobscot,
SNS-2017-228,SNS,A69-2801-201244,Acoustic,Wild,"FLOY: 53262; Genetic ID: G-1751; Photo ID: 19-039;",Sturgeon-PNR,"Penobscot River","2017-12-04 00:00:00",Penobscot,520293,4961951,76.00,90.00,cm,,kg,1,0,1,,57.00,37.00,48.00,,,,,,,,,,,,NA,NA,Penobscot,
SNS-2017-228,SNS,A69-2801-201244,Acoustic,Wild,"FLOY: 53262; Genetic ID: G-1751; Photo ID: 19-039;",Sturgeon-PNR,"Penobscot River","2019-06-19 00:00:00",Penobscot,514480,4947602,80.00,97.00,cm,4.0,kg,1,1,0,U,59.00,39.00,50.00,,,,,,,,,,,,NA,NA,Penobscot,
SNS-2017-228,SNS,A69-2801-201244,Acoustic,Wild,"FLOY: 53262; Genetic ID: G-1751; Photo ID: 19-039;",Sturgeon-PNR,"Penobscot River","2025-08-05 00:00:00","The Spindle",514494,4948116,91.00,105.00,cm,,g,1,1,0,UNK,73.00,49.00,59.00,,,,,,,,,,,,NA,NA,Penobscot,
SNS-2018-016,SNS,1251359,Acoustic,Wild,"FLOY: 54328; Genetic ID: G-1776; Photo ID: 18-026;",Sturgeon-PNR,"Penobscot RIver","2018-06-12 00:00:00",Penobscot,528022,4976571,61.00,73.00,cm,1.7,kg,1,0,1,TT,52.00,38.00,47.00,,,,,,,,,,,T,11180,9002,Penobscot,"Caught at Milford Lift"
SNS-2018-023,SNS,1251358,Acoustic,Wild,"FLOY: 54336; Genetic ID: G-1785; Photo ID: 18-038;",Sturgeon-PNR,"Penobscot RIver","2018-07-01 00:00:00",Penobscot,528022,4976571,81.00,91.00,cm,3.0499999999999998,kg,1,0,1,U,59.00,41.00,51.00,,,,,,,,,,,T,11179,9002,Penobscot,"Caught at Milford Lift"
SNS-2019-036,SNS,1251361,Acoustic,Wild,"FLOY: 54551; Genetic ID: G-1950;",Sturgeon-PNR,"Penobscot River","2019-07-09 00:00:00",Penobscot,528022,4976571,54.00,61.00,cm,0.84999999999999998,kg,1,0,1,,36.00,30.00,34.00,,,,,,,,,,,T,11183,9002,Penobscot,"Caught at Milford Lift"
SNS-2020-019,SNS,A69-2801-201234,Acoustic,Wild,"Genetic ID: G-2039;",Sturgeon-PNR,"Penobscot River","2020-08-17 00:00:00","Penobscot River",514530,4947266,80.00,91.00,cm,,,1,0,1,,57.00,43.00,53.00,,,,,,,,,,,,NA,NA,Penobscot,
SNS-2020-019,SNS,A69-2801-201234,Acoustic,Wild,"Genetic ID: G-2039;",Sturgeon-PNR,"Penobscot River","2025-08-05 00:00:00","The Spindle",514494,4948116,86.00,101.00,cm,,g,1,1,0,UNK,62.00,47.00,54.00,,,,,,,,,,,,NA,NA,Penobscot,
   
